,Acceptor,Donor,sTDDFTLUMO,sTDDFTHOMO,sTDDFTdeltaLUMO,sTDDFTdeltaHOMO,sTDDFToptbg,sTDDFToscs,sTDDFTfundbg,sTDDFTsinglepointenergy,sTDDFTdipolemoment,sTDDFTsummedoscs,sTDDFTabsFOM,sTDDFTScharberVoc,sTDDFTScharberJscDon,sTDDFTScharberJscAcc,sTDDFTScharberJscTot,sTDDFTScharberPCETot,sTDDFTScharberPCEAcc,sTDDFTScharberPCEDon,donsTDDFTLUMO,donsTDDFTHOMO,donsTDDFTdeltaLUMO,donsTDDFTdeltaHOMO,donsTDDFToptbg,donsTDDFToscs,donsTDDFTfundbg,donsTDDFTsinglepointenergy,donsTDDFTdipolemoment,donsTDDFTsummedoscs,donsTDDFTabsFOM,sTDDFTDHomoALumoOffset,sTDDFTaccElectrophilicity,sTDDFTAccChemHard,sTDDFTAccElectrodonating,sTDDFTAccElectroaccepting,sTDDFTDonChemHard,sTDDFTDonElectrodonating,sTDDFTDonElectroaccepting,sTDDFTdonElectrophilicity,sTDDFTHOMOoffset,sTDDFTLUMOoffset,Planarity,PiSystemSize,sTDDFTdonlowestengtranseV,sTDDFTdonlowestengtranswavenumber,sTDDFTdonfirstengtranseV,sTDDFTdonfirstengtranswavenumber,sTDDFTdonfirstoscs,sTDDFTacclowestengtranseV,sTDDFTacclowestengtranswavenumber,sTDDFTaccfirstengtranseV,sTDDFTaccfirstengtranswavenumber,sTDDFTaccfirstoscs,sTDDFTacchighestoscsunderten,sTDDFTdonhighestoscsunderten,ScharberFF,ExperimentalFF,ExperimentalVoc,ExperimentalJsc,ExperimentalPCE
16,BTA53,P3HT,-2.43,-6.4,0.21,0.7699999999999996,2.2096558222574885,2.59014987,3.97,-5395.360571675223,15.61278,5.091131206,17.613597869283524,2.82,2.7032955920274753,6.832665397776075,9.535960989803547,17.479416494309906,12.524275674123544,4.9551408201863625,-0.97,-5.55,0.76,0.79,2.686260166633604,2.364060892,4.58,-3859.844937179237,0.15653,2.7853530230000003,12.016106901188259,3.12,4.909880352644835,3.97,7.365505352644837,2.9505053526448366,4.58,4.2366866812227055,0.9766866812227076,2.320436681222707,0.8500000000000005,1.4600000000000002,1.4318487991277358,60,2.686187874,21666.3,2.686187874,21666.3,2.364060892,2.209596356,17822.2,2.209596356,17822.2,2.59014987,2.59014987,2.364060892,0.65,62.0,0.88,11.57,6.31
33,i-cc23,PBDB-T,-2.24,-6.43,0.16000000000000014,1.0,2.5198497321959925,0.33625810700000003,4.19,-5984.6404011309205,5.959,5.55641309,9.351106635776883,3.31,6.967194681231388,3.9092626169750804,10.876457298206468,23.40069787709121,8.410778520421884,14.989919356669331,-1.83,-5.85,0.16000000000000014,0.29000000000000004,2.1962656219004164,0.241128707,4.02,-15122.809191764587,2.34005,12.751957815,44.747319950918076,3.61,4.4850178997613375,4.19,6.914392899761339,2.579392899761337,4.02,5.839309701492535,1.9993097014925372,3.668059701492538,0.5800000000000001,0.41000000000000014,2.264306609832317,58,2.625226908,21174.6,2.1962065159999997,17714.2,0.241128707,3.4182153860000004,27570.7,2.519781918,20324.1,0.008350209,1.0479768,2.659886367,0.65,59.5,1.09,11.1,7.23
51,Y14,PTB7-Th,-2.58,-6.51,0.27,0.8300000000000001,2.1076919262051184,2.295306949,3.93,-4744.658150235578,4.8680400000000015,6.278344996,19.657313386593877,3.0700000000000003,7.277138842750522,8.053066198943673,15.330205041694196,30.591424160700768,16.069893599992106,14.521530560708669,-2.05,-5.95,0.4199999999999999,0.3099999999999996,2.168530549494148,2.6916976910000003,3.9,-11533.103933002294,13.02707,8.566758652999999,24.18064733284576,3.37,5.256240458015268,3.93,7.774365458015268,3.2293654580152675,3.9,6.3463141025641026,2.346314102564102,4.102564102564102,0.5599999999999996,0.5300000000000002,1.256875225282211,59,2.16847219,17490.5,2.16847219,17490.5,2.6916976910000003,2.107635204,16999.8,2.107635204,16999.8,2.295306949,2.295306949,2.6916976910000003,0.65,62.24,0.7879999999999999,21.28,10.44
55,Y14,PBDB-T,-2.58,-6.51,0.27,0.8300000000000001,2.1076919262051184,2.295306949,3.93,-4744.658150235578,4.8680400000000015,6.278344996,19.657313386593877,2.97,6.967194681231388,8.053066198943673,15.020260880175062,28.996613629177947,15.54644429706076,13.450169332117193,-1.83,-5.85,0.16000000000000014,0.29000000000000004,2.1962656219004164,0.241128707,4.02,-15122.809191764587,2.34005,12.751957815,44.747319950918076,3.27,5.256240458015268,3.93,7.774365458015268,3.2293654580152675,4.02,5.839309701492535,1.9993097014925372,3.668059701492538,0.6600000000000001,0.75,1.256875225282211,59,2.625226908,21174.6,2.1962065159999997,17714.2,0.241128707,2.107635204,16999.8,2.107635204,16999.8,2.295306949,2.295306949,2.659886367,0.65,71.48,0.7979999999999999,26.15,14.92
65,Y14,PBDB-TF,-2.58,-6.51,0.27,0.8300000000000001,2.1076919262051184,2.295306949,3.93,-4744.658150235578,4.8680400000000015,6.278344996,19.657313386593877,3.16,5.9897904869356955,8.053066198943673,14.042856685879366,28.84402763279623,16.540997972630304,12.303029660165913,-1.99,-6.04,0.18999999999999995,0.2599999999999998,2.2861659392977582,0.548377181,4.05,-15717.647341304437,1.22344,13.040835350999998,48.55193625232204,3.46,5.256240458015268,3.93,7.774365458015268,3.2293654580152675,4.05,6.240927469135803,2.2259274691358018,3.9803024691358018,0.4699999999999998,0.5900000000000001,1.256875225282211,59,2.6317358579999994,21227.1,2.2861044139999995,18439.3,0.059964056,2.107635204,16999.8,2.107635204,16999.8,2.295306949,2.295306949,2.257052621,0.65,58.24,0.866,16.83,8.49
87,IPTBO-4Cl,PBDB-TF,-2.72,-6.57,0.3300000000000001,0.8899999999999997,2.0275243007339814,1.615687417,3.85,-6690.408544319676,11.41104,5.68817537,23.59152487594321,3.02,5.9897904869356955,9.109474350185367,15.099264837121062,29.639856875268645,17.881898149413875,11.757958725854769,-1.99,-6.04,0.18999999999999995,0.2599999999999998,2.2861659392977582,0.548377181,4.05,-15717.647341304437,1.22344,13.040835350999998,48.55193625232204,3.32,5.6041623376623395,3.85,8.167287337662337,3.5222873376623376,4.05,6.240927469135803,2.2259274691358018,3.9803024691358018,0.5300000000000002,0.7300000000000002,2.6009844842630474,54,2.6317358579999994,21227.1,2.2861044139999995,18439.3,0.059964056,2.027469736,16353.2,2.027469736,16353.2,1.615687417,1.615687417,2.257052621,0.65,72.57,0.893,23.15,15.0
99,H2,PBDB-T,-2.71,-6.61,0.23,0.92,2.0389679627058124,1.634962525,3.9,-5808.088734059994,6.59778,6.348473984,22.94214436189519,2.84,6.967194681231388,8.968368954529438,15.935563635760825,29.41705047161448,16.555609090061342,12.86144138155314,-1.83,-5.85,0.16000000000000014,0.29000000000000004,2.1962656219004164,0.241128707,4.02,-15122.809191764587,2.34005,12.751957815,44.747319950918076,3.14,5.568102564102563,3.9,8.141852564102566,3.4818525641025637,4.02,5.839309701492535,1.9993097014925372,3.668059701492538,0.7600000000000007,0.8799999999999999,1.6091598249906134,59,2.625226908,21174.6,2.1962065159999997,17714.2,0.241128707,2.03891309,16445.5,2.03891309,16445.5,1.634962525,1.634962525,2.659886367,0.65,73.0,0.79,25.82,15.12
121,NITV,PBDB-T,-2.4,-6.68,0.3799999999999999,0.9500000000000002,2.368143721483833,1.949367222,4.2799999999999985,-3517.793123699414,2.10715,3.71305124,13.722341648159684,3.15,6.967194681231388,5.1751664358360125,12.142361117067402,24.861484387195507,10.596153277374238,14.265331109821265,-1.83,-5.85,0.16000000000000014,0.29000000000000004,2.1962656219004164,0.241128707,4.02,-15122.809191764587,2.34005,12.751957815,44.747319950918076,3.45,4.815794392523365,4.2799999999999985,7.353294392523364,2.8132943925233644,4.02,5.839309701492535,1.9993097014925372,3.668059701492538,0.8300000000000001,0.5699999999999998,0.7995479725798659,50,2.625226908,21174.6,2.1962065159999997,17714.2,0.241128707,2.36807999,19100.5,2.36807999,19100.5,1.949367222,1.949367222,2.659886367,0.65,53.0,1.12,8.08,4.8
153,IDF-IC,PBDB-TF,-2.59,-6.77,0.4499999999999997,0.8800000000000008,2.1787095814322552,1.455305827,4.18,-3365.508841181284,7.29137,4.698019663,16.459711065542468,3.1500000000000004,5.9897904869356955,7.18940971768899,13.179200204624687,26.98441241896905,14.720316396968212,12.264096022000835,-1.99,-6.04,0.18999999999999995,0.2599999999999998,2.2861659392977582,0.548377181,4.05,-15717.647341304437,1.22344,13.040835350999998,48.55193625232204,3.45,5.239808612440192,4.18,7.841058612440191,3.1610586124401916,4.05,6.240927469135803,2.2259274691358018,3.9803024691358018,0.7299999999999995,0.5999999999999999,2.3091828309359537,48,2.6317358579999994,21227.1,2.2861044139999995,18439.3,0.059964056,2.178650948,17572.6,2.178650948,17572.6,1.455305827,1.455305827,2.257052621,0.65,59.0,0.905,14.55,7.8
155,Y6,PBDB-T-2Cl,-2.79,-6.74,0.28000000000000025,0.9500000000000002,2.1008852410236063,2.301944449,3.95,-4971.629833699295,1.43994,6.3199884520000005,20.199236409435148,3.05,5.517483362398774,8.138091865385189,13.655575227783961,27.072177889081697,16.133767123126134,10.938410765955567,-1.96,-6.14,0.1299999999999999,0.11000000000000032,2.3313950605038682,0.283931444,4.18,-17879.618020185568,2.20141,12.985482327,50.146237991126526,3.35,5.748158227848103,3.95,8.3775332278481,3.6125332278481017,4.18,6.2102930622009564,2.1602930622009566,3.924043062200957,0.6000000000000005,0.8300000000000001,1.2045012410989109,59,2.5710724439999995,20737.8,2.3313323179999994,18804.1,0.283931444,2.100828702,16944.9,2.100828702,16944.9,2.301944449,2.301944449,1.818247616,0.65,73.3,0.882,25.605,17.037
157,Y6,J71,-2.79,-6.74,0.28000000000000025,0.9500000000000002,2.1008852410236063,2.301944449,3.95,-4971.629833699295,1.43994,6.3199884520000005,20.199236409435148,2.8200000000000003,4.771945250541704,8.138091865385189,12.910037115926892,23.664098033494,14.917122389251054,8.746975644242944,-1.76,-5.91,0.3200000000000001,0.21999999999999967,2.415988891093037,3.435330346,4.15,-15406.502742895591,4.04634,10.76941207,26.194578388471605,3.12,5.748158227848103,3.95,8.3775332278481,3.6125332278481017,4.15,5.720784638554218,1.8857846385542167,3.5439096385542164,0.8300000000000001,1.03,1.2045012410989109,59,2.415923872,19486.4,2.415923872,19486.4,3.435330346,2.100828702,16944.9,2.100828702,16944.9,2.301944449,2.301944449,3.435330346,0.65,53.6,0.87,20.54,9.6
175,Y6,PBDB-TF,-2.79,-6.74,0.28000000000000025,0.9500000000000002,2.1008852410236063,2.301944449,3.95,-4971.629833699295,1.43994,6.3199884520000005,20.199236409435148,2.95,5.9897904869356955,8.138091865385189,14.127882352320885,27.090214410575296,15.604791151876102,11.485423258699196,-1.99,-6.04,0.18999999999999995,0.2599999999999998,2.2861659392977582,0.548377181,4.05,-15717.647341304437,1.22344,13.040835350999998,48.55193625232204,3.25,5.748158227848103,3.95,8.3775332278481,3.6125332278481017,4.05,6.240927469135803,2.2259274691358018,3.9803024691358018,0.7000000000000002,0.8,1.2045012410989109,59,2.6317358579999994,21227.1,2.2861044139999995,18439.3,0.059964056,2.100828702,16944.9,2.100828702,16944.9,2.301944449,2.301944449,2.257052621,0.65,74.8,0.83,25.3,15.7
197,M34,PBDB-TF,-2.76,-6.65,0.2799999999999998,0.7599999999999998,2.0408401110890693,1.827808822,3.890000000000001,-4615.655397969913,5.29703,6.2827740510000005,25.6493039919628,2.9800000000000004,5.9897904869356955,8.921137717815391,14.910928204751086,28.882467932602854,17.280243759408414,11.602224173194443,-1.99,-6.04,0.18999999999999995,0.2599999999999998,2.2861659392977582,0.548377181,4.05,-15717.647341304437,1.22344,13.040835350999998,48.55193625232204,3.28,5.690751928020566,3.890000000000001,8.286376928020562,3.581376928020565,4.05,6.240927469135803,2.2259274691358018,3.9803024691358018,0.6100000000000003,0.7699999999999998,0.875022315348404,58,2.6317358579999994,21227.1,2.2861044139999995,18439.3,0.059964056,2.040785188,16460.6,2.040785188,16460.6,1.827808822,1.827808822,2.257052621,0.65,70.66,0.91,23.63,15.24
219,SeTIC,PBDB-TF,-2.6,-6.55,0.25,0.8500000000000005,2.050250446340012,1.656249514,3.95,-8966.37482675269,1.02902,5.651650036,16.949944756244903,3.14,5.9897904869356955,8.779289146406706,14.769079633342402,30.143691531651847,17.91852914781609,12.225162383835752,-1.99,-6.04,0.18999999999999995,0.2599999999999998,2.2861659392977582,0.548377181,4.05,-15717.647341304437,1.22344,13.040835350999998,48.55193625232204,3.44,5.298892405063293,3.95,7.8332674050632916,3.258267405063292,4.05,6.240927469135803,2.2259274691358018,3.9803024691358018,0.5099999999999998,0.6100000000000001,2.1325436169222307,54,2.6317358579999994,21227.1,2.2861044139999995,18439.3,0.059964056,2.05019527,16536.5,2.05019527,16536.5,1.656249514,1.656249514,2.257052621,0.65,51.0,0.95,15.45,7.46
253,CPDT-4Cl,PBDB-T,-2.89,-6.64,0.3999999999999999,0.92,1.8946637571910332,2.025705507,3.75,-5798.485012735728,7.2198600000000015,5.400900097999999,20.56165253947636,2.66,6.967194681231388,11.146872107054342,18.114066788285733,31.31922147694603,19.27294187309696,12.046279603849067,-1.83,-5.85,0.16000000000000014,0.29000000000000004,2.1962656219004164,0.241128707,4.02,-15122.809191764587,2.34005,12.751957815,44.747319950918076,2.9599999999999995,6.054726666666667,3.75,8.671601666666666,3.9066016666666665,4.02,5.839309701492535,1.9993097014925372,3.668059701492538,0.79,1.06,1.061169743971015,52,2.625226908,21174.6,2.1962065159999997,17714.2,0.241128707,1.8946127680000002,15281.6,1.8946127680000002,15281.6,2.025705507,2.025705507,2.659886367,0.65,66.8,0.65,21.3,9.28
275,Y5,PBDB-T,-2.56,-6.52,0.2200000000000002,0.9600000000000009,2.083663955564372,1.574573796,3.96,-4575.073884205068,2.95668,5.97587582,21.104776586561094,2.99,6.967194681231388,8.363417844445753,15.33061252567714,29.79504544365352,16.25430258068032,13.540742862973199,-1.83,-5.85,0.16000000000000014,0.29000000000000004,2.1962656219004164,0.241128707,4.02,-15122.809191764587,2.34005,12.751957815,44.747319950918076,3.29,5.2049494949494965,3.96,7.722449494949495,3.1824494949494957,4.02,5.839309701492535,1.9993097014925372,3.668059701492538,0.6699999999999999,0.73,1.4292168496578217,59,2.625226908,21174.6,2.1962065159999997,17714.2,0.241128707,2.08360788,16806.0,2.08360788,16806.0,1.574573796,1.574573796,2.659886367,0.65,70.2,0.88,22.8,14.1
297,BTTPC,PBDB-T,-2.56,-6.54,0.21,0.9500000000000002,2.1388613370363023,2.344992327,3.98,-5523.466007500807,7.610010000000001,6.809155565,20.806280005124933,2.99,6.967194681231388,7.637012876408442,14.604207557639828,28.383277388273005,14.842534525299806,13.540742862973199,-1.83,-5.85,0.16000000000000014,0.29000000000000004,2.1962656219004164,0.241128707,4.02,-15122.809191764587,2.34005,12.751957815,44.747319950918076,3.29,5.201633165829144,3.98,7.725383165829146,3.175383165829145,4.02,5.839309701492535,1.9993097014925372,3.668059701492538,0.6900000000000004,0.73,1.2240959663216644,65,2.625226908,21174.6,2.1962065159999997,17714.2,0.241128707,2.138803776,17251.2,2.138803776,17251.2,2.344992327,2.344992327,2.659886367,0.65,73.0,0.89,22.25,14.51
329,BTP-PhC6,PBDB-TF,-2.71,-6.62,0.31000000000000005,0.8799999999999999,2.0631447133505256,1.6396739130000002,3.91,-5707.948238177581,7.52913,6.6720649320000005,26.65495416562512,3.03,5.9897904869356955,8.639401943084222,14.629192430019918,28.81219449092423,17.01530212690438,11.796892364019852,-1.99,-6.04,0.18999999999999995,0.2599999999999998,2.2861659392977582,0.548377181,4.05,-15717.647341304437,1.22344,13.040835350999998,48.55193625232204,3.33,5.565786445012788,3.91,8.142661445012788,3.4776614450127874,4.05,6.240927469135803,2.2259274691358018,3.9803024691358018,0.5800000000000001,0.72,2.0410327458112727,71,2.6317358579999994,21227.1,2.2861044139999995,18439.3,0.059964056,2.06308919,16640.5,2.06308919,16640.5,1.6396739130000002,1.6396739130000002,2.257052621,0.65,77.0,0.865,25.0,16.7
337,o-IO1,PTB7-Th,-2.68,-6.45,0.10000000000000007,0.7999999999999998,2.0281814124181707,2.420328928,3.77,-5055.684838535482,7.78513,6.0543999,17.882789650053986,2.97,7.277138842750522,9.109474350185367,16.38661319293589,31.634356768962736,17.585840233032854,14.048516535929885,-2.05,-5.95,0.4199999999999999,0.3099999999999996,2.168530549494148,2.6916976910000003,3.9,-11533.103933002294,13.02707,8.566758652999999,24.18064733284576,3.27,5.527645888594165,3.77,8.045770888594165,3.480770888594165,3.9,6.3463141025641026,2.346314102564102,4.102564102564102,0.5,0.6300000000000003,1.2671510308331333,59,2.16847219,17490.5,2.16847219,17490.5,2.6916976910000003,2.02812683,16358.5,2.02812683,16358.5,2.420328928,2.420328928,2.6916976910000003,0.65,67.0,0.74,26.3,13.1
353,TPIC-4Cl,PBDB-T-2Cl,-2.73,-6.65,0.3300000000000001,0.8599999999999994,2.1265125967070024,3.016952744,3.92,-6533.384605850111,3.52486,6.1896721060000015,14.04154281199723,3.11,5.517483362398774,7.823512322242732,13.340995684641507,26.9688227765028,15.815230159413685,11.153592617089119,-1.96,-6.14,0.1299999999999999,0.11000000000000032,2.3313950605038682,0.283931444,4.18,-17879.618020185568,2.20141,12.985482327,50.146237991126526,3.41,5.61125,3.92,8.201250000000002,3.5112499999999995,4.18,6.2102930622009564,2.1602930622009566,3.924043062200957,0.5100000000000007,0.77,1.9556833236340967,54,2.5710724439999995,20737.8,2.3313323179999994,18804.1,0.283931444,2.126455368,17151.6,2.126455368,17151.6,3.016952744,3.016952744,1.818247616,0.65,75.7,0.885,22.89,15.4
395,AQx-2,PBDB-TF,-2.71,-6.69,0.25,0.8699999999999992,2.1342987502479667,2.455137959,3.98,-4650.898343541587,4.60652,6.4796913410000005,19.02107587693138,3.03,5.9897904869356955,7.682828798895218,13.672619285830915,26.92822368344399,15.131331319424136,11.796892364019852,-1.99,-6.04,0.18999999999999995,0.2599999999999998,2.2861659392977582,0.548377181,4.05,-15717.647341304437,1.22344,13.040835350999998,48.55193625232204,3.33,5.550251256281407,3.98,8.149001256281407,3.4490012562814067,4.05,6.240927469135803,2.2259274691358018,3.9803024691358018,0.6500000000000004,0.72,0.8408029419455448,60,2.6317358579999994,21227.1,2.2861044139999995,18439.3,0.059964056,2.134241312,17214.4,2.134241312,17214.4,2.455137959,2.455137959,2.257052621,0.65,76.25,0.86,25.38,16.64
407,N65-IC,PBDB-T,-2.6,-6.48,0.29000000000000004,0.9499999999999992,2.046816107915096,1.927606175,3.88,-5152.481883702276,8.174539999999999,5.792943264,18.01713789064221,2.95,6.967194681231388,8.826455820457923,15.793650501689308,30.28432483698925,16.924729035728063,13.359595801261186,-1.83,-5.85,0.16000000000000014,0.29000000000000004,2.1962656219004164,0.241128707,4.02,-15122.809191764587,2.34005,12.751957815,44.747319950918076,3.25,5.312268041237114,3.88,7.824768041237115,3.2847680412371134,4.02,5.839309701492535,1.9993097014925372,3.668059701492538,0.6300000000000008,0.77,1.9675947971117045,58,2.625226908,21174.6,2.1962065159999997,17714.2,0.241128707,2.0467610240000003,16508.8,2.0467610240000003,16508.8,1.927606175,1.927606175,2.659886367,0.65,55.0,0.87,18.94,9.03
417,N65-IC,PBDB-TF,-2.6,-6.48,0.29000000000000004,0.9499999999999992,2.046816107915096,1.927606175,3.88,-5152.481883702276,8.174539999999999,5.792943264,18.01713789064221,3.14,5.9897904869356955,8.826455820457923,14.816246307393616,30.23995871339037,18.01479632955462,12.225162383835752,-1.99,-6.04,0.18999999999999995,0.2599999999999998,2.2861659392977582,0.548377181,4.05,-15717.647341304437,1.22344,13.040835350999998,48.55193625232204,3.44,5.312268041237114,3.88,7.824768041237115,3.2847680412371134,4.05,6.240927469135803,2.2259274691358018,3.9803024691358018,0.4400000000000004,0.6100000000000001,1.9675947971117045,58,2.6317358579999994,21227.1,2.2861044139999995,18439.3,0.059964056,2.0467610240000003,16508.8,2.0467610240000003,16508.8,1.927606175,1.927606175,2.257052621,0.65,51.0,0.87,15.07,6.67
434,BTA43,P3HT,-2.32,-6.38,0.19999999999999973,0.75,2.281504165840111,2.074234469,4.0600000000000005,-5545.574682560535,13.90275,5.178403403999999,22.228200808048744,2.93,2.7032955920274753,6.034024576999638,8.737320169027111,16.640226261912133,11.491799806895811,5.148426455016327,-0.97,-5.55,0.76,0.79,2.686260166633604,2.364060892,4.58,-3859.844937179237,0.15653,2.7853530230000003,12.016106901188259,3.23,4.660714285714284,4.0600000000000005,7.0894642857142856,2.739464285714285,4.58,4.2366866812227055,0.9766866812227076,2.320436681222707,0.8300000000000001,1.35,2.770906837872789,58,2.686187874,21666.3,2.686187874,21666.3,2.364060892,2.281442766,18401.7,2.281442766,18401.7,2.074234469,2.074234469,2.364060892,0.65,68.0,0.89,10.84,6.56
441,BTCIC,PBDB-T-2Cl,-2.71,-6.5,0.3599999999999999,0.5700000000000003,1.9286971830985915,2.41458012,3.79,-5325.726303404575,4.40763,5.997009449,18.141261195449893,3.13,5.517483362398774,10.571468287039034,16.088951649437803,32.732972130781214,21.507652229980913,11.225319900800304,-1.96,-6.14,0.1299999999999999,0.11000000000000032,2.3313950605038682,0.283931444,4.18,-17879.618020185568,2.20141,12.985482327,50.146237991126526,3.43,5.595257255936676,3.79,8.134632255936676,3.5296322559366753,4.18,6.2102930622009564,2.1602930622009566,3.924043062200957,0.3600000000000003,0.75,1.9569550343782909,61,2.5710724439999995,20737.8,2.3313323179999994,18804.1,0.283931444,1.928645278,15556.1,1.928645278,15556.1,2.41458012,2.41458012,1.818247616,0.65,62.0,0.83,5.4,2.8
451,BTCIC,PBDB-T,-2.71,-6.5,0.3599999999999999,0.5700000000000003,1.9286971830985915,2.41458012,3.79,-5325.726303404575,4.40763,5.997009449,18.141261195449893,2.84,6.967194681231388,10.571468287039034,17.538662968270422,32.37637183942719,19.51493045787405,12.86144138155314,-1.83,-5.85,0.16000000000000014,0.29000000000000004,2.1962656219004164,0.241128707,4.02,-15122.809191764587,2.34005,12.751957815,44.747319950918076,3.14,5.595257255936676,3.79,8.134632255936676,3.5296322559366753,4.02,5.839309701492535,1.9993097014925372,3.668059701492538,0.6500000000000004,0.8799999999999999,1.9569550343782909,61,2.625226908,21174.6,2.1962065159999997,17714.2,0.241128707,1.928645278,15556.1,1.928645278,15556.1,2.41458012,2.41458012,2.659886367,0.65,63.0,0.79,18.6,9.3
469,o-IO2,PTB7-Th,-2.74,-6.33,0.1900000000000004,0.7000000000000002,1.8497445943265225,2.741436767,3.59,-5052.30703492562,5.80305,5.943080505,17.158247971660487,2.91,7.277138842750522,11.914006468948411,19.191145311698925,36.30005135707853,22.53534323601592,13.764708121062613,-2.05,-5.95,0.4199999999999999,0.3099999999999996,2.168530549494148,2.6916976910000003,3.9,-11533.103933002294,13.02707,8.566758652999999,24.18064733284576,3.21,5.728753481894152,3.59,8.220628481894153,3.685628481894151,3.9,6.3463141025641026,2.346314102564102,4.102564102564102,0.3799999999999999,0.6900000000000004,0.8572079142331831,60,2.16847219,17490.5,2.16847219,17490.5,2.6916976910000003,1.849694814,14919.3,1.849694814,14919.3,2.741436767,2.741436767,2.6916976910000003,0.65,63.0,0.68,21.8,9.3
505,IDST-4F,PBDB-TF,-2.75,-6.6,0.2400000000000002,0.8500000000000005,1.937574390001984,1.269538151,3.85,-4552.283930277007,4.08556,5.447335608,18.597205406614357,2.99,5.9897904869356955,10.426326558476775,16.41611704541247,31.904723477759138,20.26356566639961,11.641157811359525,-1.99,-6.04,0.18999999999999995,0.2599999999999998,2.2861659392977582,0.548377181,4.05,-15717.647341304437,1.22344,13.040835350999998,48.55193625232204,3.29,5.676785714285715,3.85,8.254910714285714,3.5799107142857145,4.05,6.240927469135803,2.2259274691358018,3.9803024691358018,0.5599999999999996,0.76,1.0639177575452057,53,2.6317358579999994,21227.1,2.2861044139999995,18439.3,0.059964056,1.937522246,15627.7,1.937522246,15627.7,1.269538151,1.269538151,2.257052621,0.65,70.0,0.82,24.9,14.3
527,BDTN-Th,PBDB-TF,-2.65,-6.47,0.3599999999999999,0.79,2.027611089069629,2.061160282,3.82,-5174.652680703601,4.67034,5.894005765999999,23.247393752264525,3.0900000000000003,5.9897904869356955,9.109474350185367,15.099264837121062,30.326873425357658,18.296379232347316,12.030494193010346,-1.99,-6.04,0.18999999999999995,0.2599999999999998,2.2861659392977582,0.548377181,4.05,-15717.647341304437,1.22344,13.040835350999998,48.55193625232204,3.39,5.443350785340314,3.82,7.962100785340312,3.4021007853403127,4.05,6.240927469135803,2.2259274691358018,3.9803024691358018,0.4299999999999997,0.6599999999999999,1.487542428269188,56,2.6317358579999994,21227.1,2.2861044139999995,18439.3,0.059964056,2.027556522,16353.9,2.027556522,16353.9,2.061160282,2.061160282,2.257052621,0.65,45.11,0.95,8.2,3.53
535,IDTT-TBTA,PTB7-Th,-2.37,-6.73,0.44000000000000017,0.7399999999999993,2.4887051180321365,2.938693495,4.36,-5609.190346211873,2.19143,4.0709995759999975,13.007532659931975,3.28,7.277138842750522,4.155882326876856,11.433021169627375,24.37520113364557,8.860341120901461,15.514860012744114,-2.05,-5.95,0.4199999999999999,0.3099999999999996,2.168530549494148,2.6916976910000003,3.9,-11533.103933002294,13.02707,8.566758652999999,24.18064733284576,3.58,4.7482798165137625,4.36,7.295779816513763,2.745779816513761,3.9,6.3463141025641026,2.346314102564102,4.102564102564102,0.7800000000000002,0.3200000000000003,2.0362835653803653,42,2.16847219,17490.5,2.16847219,17490.5,2.6916976910000003,2.488638142,20072.9,2.488638142,20072.9,2.938693495,2.938693495,2.6916976910000003,0.65,64.0,1.0,13.7,8.77
571,BTP-4Cl,PBDB-TF,-2.85,-6.75,0.31000000000000005,0.91,2.077886332076969,2.2896986480000003,3.9,-6412.965241028885,0.8003600000000001,6.621398717000001,23.463975426404986,2.89,5.9897904869356955,8.409595891909474,14.399386378845167,27.049247312660647,15.797425882951947,11.251821429708702,-1.99,-6.04,0.18999999999999995,0.2599999999999998,2.2861659392977582,0.548377181,4.05,-15717.647341304437,1.22344,13.040835350999998,48.55193625232204,3.19,5.907692307692307,3.9,8.551442307692309,3.751442307692309,4.05,6.240927469135803,2.2259274691358018,3.9803024691358018,0.71,0.8600000000000001,0.4901103381160167,59,2.6317358579999994,21227.1,2.2861044139999995,18439.3,0.059964056,2.077830412,16759.4,2.077830412,16759.4,2.2896986480000003,2.2896986480000003,2.257052621,0.65,76.0,0.85,25.5,16.5
588,ZY-4Cl,P3HT,-2.28,-6.53,0.3899999999999999,0.9500000000000002,2.3628248363419955,2.114920301,4.25,-6116.268927633009,1.1889299999999998,4.780278716999999,20.806296978742832,2.97,2.7032955920274753,5.21873049233076,7.922026084358236,15.293471355853574,10.074759215444532,5.218712140409041,-0.97,-5.55,0.76,0.79,2.686260166633604,2.364060892,4.58,-3859.844937179237,0.15653,2.7853530230000003,12.016106901188259,3.27,4.565652941176472,4.25,7.0337779411764725,2.628777941176471,4.58,4.2366866812227055,0.9766866812227076,2.320436681222707,0.9800000000000004,1.3099999999999998,0.6909530581806897,51,2.686187874,21666.3,2.686187874,21666.3,2.364060892,2.3627612479999995,19057.6,2.3627612479999995,19057.6,2.114920301,2.114920301,2.364060892,0.65,65.0,0.88,16.49,9.46
607,EH-IDTBR,PffBT4T-2DT,-2.48,-6.37,0.21,0.6699999999999999,2.077055643721484,2.143134304,3.89,-6141.964149374202,3.90939,4.469604515,17.912753963181967,2.9500000000000006,11.470004624998436,8.409595891909474,19.87960051690791,38.11913399117093,16.12540012273642,21.993733868434507,-2.12,-5.73,0.13000000000000012,0.21,1.8744296766514577,1.631072887,3.61,-9935.390340808997,2.16526,8.256423152,42.729011551267,3.2500000000000004,5.033579691516708,3.89,7.4892046915167105,3.0642046915167085,3.61,6.455611149584488,2.5306111495844874,4.267486149584489,0.6399999999999997,0.3599999999999999,1.915443570746696,48,2.05503049,16575.5,1.874379232,15118.4,1.631072887,2.076999746,16752.7,2.076999746,16752.7,2.143134304,2.143134304,1.759389755,0.65,63.0,1.02,17.2,11.1
610,EH-IDTBR,P3HT,-2.48,-6.37,0.21,0.6699999999999999,2.077055643721484,2.143134304,3.89,-6141.964149374202,3.90939,4.469604515,17.912753963181967,2.77,2.7032955920274753,8.409595891909474,11.112891483936947,20.00876111682848,15.141477403383007,4.8672837134454685,-0.97,-5.55,0.76,0.79,2.686260166633604,2.364060892,4.58,-3859.844937179237,0.15653,2.7853530230000003,12.016106901188259,3.07,5.033579691516708,3.89,7.4892046915167105,3.0642046915167085,4.58,4.2366866812227055,0.9766866812227076,2.320436681222707,0.8200000000000003,1.51,1.915443570746696,48,2.686187874,21666.3,2.686187874,21666.3,2.364060892,2.076999746,16752.7,2.076999746,16752.7,2.143134304,2.143134304,2.364060892,0.65,62.0,0.76,12.1,6.0
637,BTN-4F,PBDB-TF,-2.74,-6.64,0.3500000000000001,0.9800000000000004,2.05127950803412,2.121377948,3.9,-3997.6018653345473,6.40241,5.488901478,16.835962861991653,3.0,5.9897904869356955,8.779289146406706,14.769079633342402,28.79970528501769,17.11961383549308,11.680091449524605,-1.99,-6.04,0.18999999999999995,0.2599999999999998,2.2861659392977582,0.548377181,4.05,-15717.647341304437,1.22344,13.040835350999998,48.55193625232204,3.3,5.64002564102564,3.9,8.22877564102564,3.538775641025641,4.05,6.240927469135803,2.2259274691358018,3.9803024691358018,0.5999999999999996,0.7500000000000002,0.8658924482311195,56,2.6317358579999994,21227.1,2.2861044139999995,18439.3,0.059964056,2.051224304,16544.8,2.051224304,16544.8,2.121377948,2.121377948,2.257052621,0.65,77.3,0.816,25.05,15.82
649,BCDT-4F,PBDB-T,-2.77,-6.55,0.2799999999999998,0.5700000000000003,1.921059809561595,2.647327116,3.78,-5401.462832606189,5.67826,6.05444649,16.263835845664403,2.78,6.967194681231388,10.717996332988275,17.68519101421966,31.95714016269493,19.36741937370981,12.589720788985113,-1.83,-5.85,0.16000000000000014,0.29000000000000004,2.1962656219004164,0.241128707,4.02,-15122.809191764587,2.34005,12.751957815,44.747319950918076,3.08,5.744867724867727,3.78,8.311117724867724,3.6511177248677247,4.02,5.839309701492535,1.9993097014925372,3.668059701492538,0.7000000000000002,0.94,1.2322640717178746,63,2.625226908,21174.6,2.1962065159999997,17714.2,0.241128707,1.92100811,15494.5,1.92100811,15494.5,2.647327116,2.647327116,2.659886367,0.65,66.0,0.8,18.28,9.65
671,FDICTF,PBDB-T,-2.52,-6.74,0.2400000000000002,0.6799999999999997,2.3014778813727435,2.197822234,4.2200000000000015,-3514.246167642905,7.70627,5.494194178000001,16.26900130417567,3.03,6.967194681231388,5.819921633354753,12.787116314586141,25.184225581577397,11.462335656892185,13.721889924685216,-1.83,-5.85,0.16000000000000014,0.29000000000000004,2.1962656219004164,0.241128707,4.02,-15122.809191764587,2.34005,12.751957815,44.747319950918076,3.33,5.079834123222748,4.2200000000000015,7.658584123222747,3.0285841232227484,4.02,5.839309701492535,1.9993097014925372,3.668059701492538,0.8900000000000006,0.69,1.046692754176989,54,2.625226908,21174.6,2.1962065159999997,17714.2,0.241128707,2.3014159439999995,18562.8,2.3014159439999995,18562.8,2.197822234,2.197822234,2.659886367,0.65,66.0,0.94,15.81,10.06
693,Y1-4F,PBDB-T,-2.81,-6.65,0.31000000000000005,0.8699999999999992,2.059078059908748,2.470116018,3.84,-4550.327040509144,5.50185,6.534387429000001,21.09303516414601,2.74,6.967194681231388,8.68524094089056,15.652435622121947,27.87698784299918,15.468414115726087,12.4085737272731,-1.83,-5.85,0.16000000000000014,0.29000000000000004,2.1962656219004164,0.241128707,4.02,-15122.809191764587,2.34005,12.751957815,44.747319950918076,3.04,5.826276041666668,3.84,8.431276041666667,3.701276041666666,4.02,5.839309701492535,1.9993097014925372,3.668059701492538,0.8000000000000007,0.98,0.9331174796445028,59,2.625226908,21174.6,2.1962065159999997,17714.2,0.241128707,2.059022646,16607.7,2.059022646,16607.7,2.470116018,2.470116018,2.659886367,0.65,57.4,0.74,22.7,9.9
703,Y1-4F,PBDB-TF,-2.81,-6.65,0.31000000000000005,0.8699999999999992,2.059078059908748,2.470116018,3.84,-4550.327040509144,5.50185,6.534387429000001,21.09303516414601,2.93,5.9897904869356955,8.68524094089056,14.675031427826257,27.948597354295106,16.541041371926074,11.407555982369034,-1.99,-6.04,0.18999999999999995,0.2599999999999998,2.2861659392977582,0.548377181,4.05,-15717.647341304437,1.22344,13.040835350999998,48.55193625232204,3.23,5.826276041666668,3.84,8.431276041666667,3.701276041666666,4.05,6.240927469135803,2.2259274691358018,3.9803024691358018,0.6100000000000003,0.8200000000000001,0.9331174796445028,59,2.6317358579999994,21227.1,2.2861044139999995,18439.3,0.059964056,2.059022646,16607.7,2.059022646,16607.7,2.470116018,2.470116018,2.257052621,0.65,68.5,0.83,25.2,14.8
705,BTCIC-4Cl,PBDB-T-2Cl,-2.87,-6.73,0.3300000000000001,0.5399999999999991,2.0148780003967466,2.628156819,3.86,-7163.609837101599,11.314,6.787087049,21.50494231551519,2.97,5.517483362398774,9.296379238008514,14.813862600407289,28.598161750086266,17.946660118975434,10.651501631110827,-1.96,-6.14,0.1299999999999999,0.11000000000000032,2.3313950605038682,0.283931444,4.18,-17879.618020185568,2.20141,12.985482327,50.146237991126526,3.27,5.9689119170984455,3.86,8.610161917098447,3.8101619170984447,4.18,6.2102930622009564,2.1602930622009566,3.924043062200957,0.5900000000000007,0.91,1.6732624108251468,61,2.5710724439999995,20737.8,2.3313323179999994,18804.1,0.283931444,2.014823776,16251.2,2.014823776,16251.2,2.628156819,2.628156819,1.818247616,0.65,66.0,0.75,21.0,10.5
715,BTCIC-4Cl,PBDB-T,-2.87,-6.73,0.3300000000000001,0.5399999999999991,2.0148780003967466,2.628156819,3.86,-7163.609837101599,11.314,6.787087049,21.50494231551519,2.68,6.967194681231388,9.296379238008514,16.263573919239906,28.331145767315913,16.194292632610832,12.136853134705074,-1.83,-5.85,0.16000000000000014,0.29000000000000004,2.1962656219004164,0.241128707,4.02,-15122.809191764587,2.34005,12.751957815,44.747319950918076,2.9799999999999995,5.9689119170984455,3.86,8.610161917098447,3.8101619170984447,4.02,5.839309701492535,1.9993097014925372,3.668059701492538,0.8800000000000008,1.04,1.6732624108251468,61,2.625226908,21174.6,2.1962065159999997,17714.2,0.241128707,2.014823776,16251.2,2.014823776,16251.2,2.628156819,2.628156819,2.659886367,0.65,69.0,0.63,23.2,10.2
737,NIDT,PBDB-T,-2.14,-6.46,0.17000000000000015,0.75,2.50504612180123,2.831936302,4.32,-5618.742849254354,4.9421300000000015,5.239827168999999,15.917131777427594,3.41,6.967194681231388,4.033182889228788,11.000377570460177,24.382336884924975,8.93954987397561,15.442787010949367,-1.83,-5.85,0.16000000000000014,0.29000000000000004,2.1962656219004164,0.241128707,4.02,-15122.809191764587,2.34005,12.751957815,44.747319950918076,3.71,4.280092592592592,4.32,6.7000925925925925,2.400092592592592,4.02,5.839309701492535,1.9993097014925372,3.668059701492538,0.6100000000000003,0.31000000000000005,1.5061136283267351,60,2.625226908,21174.6,2.1962065159999997,17714.2,0.241128707,2.5049787059999997,20204.7,2.5049787059999997,20204.7,2.831936302,2.831936302,2.659886367,0.65,66.0,1.14,13.28,10.0
759,BCDT-4Cl,PBDB-T,-2.83,-6.57,0.33999999999999986,0.5999999999999996,1.9172907161277524,2.924657924,3.74,-6842.7872384241455,6.74253,6.4902836520000005,17.02662989645578,2.72,6.967194681231388,10.765846996419357,17.733041677650746,31.352017686086523,19.034017489669427,12.31800019641709,-1.83,-5.85,0.16000000000000014,0.29000000000000004,2.1962656219004164,0.241128707,4.02,-15122.809191764587,2.34005,12.751957815,44.747319950918076,3.02,5.906417112299466,3.74,8.490167112299464,3.790167112299465,4.02,5.839309701492535,1.9993097014925372,3.668059701492538,0.7200000000000006,1.0,1.0362347854898373,63,2.625226908,21174.6,2.1962065159999997,17714.2,0.241128707,1.917239118,15464.1,1.917239118,15464.1,2.924657924,2.924657924,2.659886367,0.65,67.0,0.76,23.77,12.1
777,p-IO1,PTB7-Th,-2.65,-6.4,0.1200000000000001,0.7599999999999998,2.0097574885935328,2.36415103,3.75,-5743.1362247849975,9.29737,6.1845258360000015,18.579558340290106,3.0000000000000004,7.277138842750522,9.34233573304582,16.619474575796342,32.40797542280288,18.217554679439356,14.190420743363518,-2.05,-5.95,0.4199999999999999,0.3099999999999996,2.168530549494148,2.6916976910000003,3.9,-11533.103933002294,13.02707,8.566758652999999,24.18064733284576,3.3000000000000003,5.460166666666668,3.75,7.957041666666668,3.432041666666666,3.9,6.3463141025641026,2.346314102564102,4.102564102564102,0.4500000000000002,0.6000000000000001,1.8568360770558443,59,2.16847219,17490.5,2.16847219,17490.5,2.6916976910000003,2.009703402,16209.9,2.009703402,16209.9,2.36415103,2.36415103,2.6916976910000003,0.65,62.0,0.78,22.3,10.8
808,BTA3,P3HT,-2.34,-6.45,0.19999999999999973,0.7299999999999995,2.3208812735568336,2.393149791,4.11,-5245.062704748605,11.36472,5.154871577,19.6276985531234,2.91,2.7032955920274753,5.644337521426735,8.34763311345421,15.78954803409864,10.676264421778669,5.113283612319969,-0.97,-5.55,0.76,0.79,2.686260166633604,2.364060892,4.58,-3859.844937179237,0.15653,2.7853530230000003,12.016106901188259,3.21,4.699762773722626,4.11,7.154137773722629,2.7591377737226277,4.58,4.2366866812227055,0.9766866812227076,2.320436681222707,0.9000000000000004,1.37,2.56823474574929,58,2.686187874,21666.3,2.686187874,21666.3,2.364060892,2.320818814,18719.3,2.320818814,18719.3,2.393149791,2.393149791,2.364060892,0.65,65.0,0.9,9.64,5.64
825,BTTPC-Br,PBDB-T,-2.59,-6.55,0.17999999999999972,0.9699999999999998,2.1260662566951,2.204410132,3.96,-10670.195470758481,8.07442,6.791284734,21.338822682985846,2.96,6.967194681231388,7.823512322242732,14.790707003474118,28.45732027468421,15.052437707995017,13.404882566689189,-1.83,-5.85,0.16000000000000014,0.29000000000000004,2.1962656219004164,0.241128707,4.02,-15122.809191764587,2.34005,12.751957815,44.747319950918076,3.26,5.273964646464647,3.96,7.8064646464646446,3.2364646464646465,4.02,5.839309701492535,1.9993097014925372,3.668059701492538,0.7000000000000002,0.7599999999999998,1.2426860079418665,65,2.625226908,21174.6,2.1962065159999997,17714.2,0.241128707,2.12600904,17148.0,2.12600904,17148.0,2.204410132,2.204410132,2.659886367,0.65,71.0,0.86,24.71,15.22
857,AQx,PBDB-TF,-2.75,-6.62,0.29000000000000004,0.7199999999999998,2.0057652251537395,1.435128519,3.87,-4729.439885361892,7.1395800000000005,6.567337084,25.69577315254948,2.99,5.9897904869356955,9.436601433213225,15.426391920148921,29.981192696809426,18.340034885449906,11.641157811359525,-1.99,-6.04,0.18999999999999995,0.2599999999999998,2.2861659392977582,0.548377181,4.05,-15717.647341304437,1.22344,13.040835350999998,48.55193625232204,3.29,5.6716343669250655,3.87,8.256009366925062,3.571009366925065,4.05,6.240927469135803,2.2259274691358018,3.9803024691358018,0.5800000000000001,0.76,0.8767608610955374,60,2.6317358579999994,21227.1,2.2861044139999995,18439.3,0.059964056,2.0057112459999997,16177.7,2.0057112459999997,16177.7,1.435128519,1.435128519,2.257052621,0.65,67.14,0.89,22.18,13.31
879,IDF-4F,PBDB-TF,-2.83,-6.93,0.46,0.8799999999999999,2.0929751041460025,1.310680335,4.1,-3762.071672952882,7.00784,4.891391091,19.01764311809694,2.91,5.9897904869356955,8.227989543604279,14.217780030539975,26.89293092776636,15.563242221727496,11.329688706038866,-1.99,-6.04,0.18999999999999995,0.2599999999999998,2.2861659392977582,0.548377181,4.05,-15717.647341304437,1.22344,13.040835350999998,48.55193625232204,3.21,5.80839024390244,4.1,8.504640243902438,3.62464024390244,4.05,6.240927469135803,2.2259274691358018,3.9803024691358018,0.8899999999999997,0.8400000000000001,2.20332331446034,48,2.6317358579999994,21227.1,2.2861044139999995,18439.3,0.059964056,2.092918778,16881.1,2.092918778,16881.1,1.310680335,1.310680335,2.257052621,0.65,61.0,0.736,17.49,7.81
909,DTG-IW,PTB7-Th,-2.65,-6.75,0.1599999999999997,0.8799999999999999,2.2051552271374733,1.523630691,4.1,-6986.081113082906,7.84882,5.622715674,19.535456899272145,3.0000000000000004,7.277138842750522,6.877276593556642,14.154415436307163,27.60111010079897,13.410689357435453,14.190420743363518,-2.05,-5.95,0.4199999999999999,0.3099999999999996,2.168530549494148,2.6916976910000003,3.9,-11533.103933002294,13.02707,8.566758652999999,24.18064733284576,3.3000000000000003,5.387804878048782,4.1,7.9940548780487815,3.2940548780487804,3.9,6.3463141025641026,2.346314102564102,4.102564102564102,0.7999999999999998,0.6000000000000001,1.6904670029802524,52,2.16847219,17490.5,2.16847219,17490.5,2.6916976910000003,2.205095882,17785.9,2.205095882,17785.9,1.523630691,1.523630691,2.6916976910000003,0.65,66.0,0.72,19.2,9.16
931,p-IO2,PTB7-Th,-2.64,-6.38,0.1200000000000001,0.7000000000000002,2.0011034516960917,2.342779326,3.74,-5818.26305715523,8.53309,6.188348416,20.095607794586545,3.01,7.277138842750522,9.484460917324801,16.76159976007532,32.79406993058737,18.556347784745974,14.237722145841394,-2.05,-5.95,0.4199999999999999,0.3099999999999996,2.168530549494148,2.6916976910000003,3.9,-11533.103933002294,13.02707,8.566758652999999,24.18064733284576,3.31,5.438529411764707,3.74,7.927279411764707,3.4172794117647056,3.9,6.3463141025641026,2.346314102564102,4.102564102564102,0.4299999999999997,0.5900000000000003,1.977094429997912,60,2.16847219,17490.5,2.16847219,17490.5,2.6916976910000003,2.0010495980000003,16140.1,2.0010495980000003,16140.1,2.342779326,2.342779326,2.6916976910000003,0.65,67.0,0.7,23.0,10.8
953,BTDT2R,PTB7-Th,-2.39,-6.67,0.8500000000000001,0.6799999999999997,2.328010315413608,1.5024726000000002,4.2799999999999985,-4306.140697240976,4.62173,3.2191747950000003,15.026828874752958,3.26,7.277138842750522,5.559752833962309,12.83689167671283,27.20137346295449,11.781116255166133,15.420257207788358,-2.05,-5.95,0.4199999999999999,0.3099999999999996,2.168530549494148,2.6916976910000003,3.9,-11533.103933002294,13.02707,8.566758652999999,24.18064733284576,3.56,4.794602803738318,4.2799999999999985,7.327102803738318,2.7971028037383183,3.9,6.3463141025641026,2.346314102564102,4.102564102564102,0.7199999999999998,0.3400000000000003,0.4413873443432971,35,2.16847219,17490.5,2.16847219,17490.5,2.6916976910000003,2.327947664,18776.8,2.327947664,18776.8,1.5024726000000002,1.5024726000000002,2.6916976910000003,0.65,57.0,1.06,13.52,8.19
962,BTDT2R,P3HT,-2.39,-6.67,0.8500000000000001,0.6799999999999997,2.328010315413608,1.5024726000000002,4.2799999999999985,-4306.140697240976,4.62173,3.2191747950000003,15.026828874752958,2.86,2.7032955920274753,5.559752833962309,8.263048425989783,15.361007023915008,10.33558051833593,5.025426505579077,-0.97,-5.55,0.76,0.79,2.686260166633604,2.364060892,4.58,-3859.844937179237,0.15653,2.7853530230000003,12.016106901188259,3.16,4.794602803738318,4.2799999999999985,7.327102803738318,2.7971028037383183,4.58,4.2366866812227055,0.9766866812227076,2.320436681222707,1.12,1.4200000000000002,0.4413873443432971,35,2.686187874,21666.3,2.686187874,21666.3,2.364060892,2.327947664,18776.8,2.327947664,18776.8,1.5024726000000002,1.5024726000000002,2.364060892,0.65,67.0,0.81,9.42,5.09
989,FO-2F,PBDB-TF,-2.68,-6.91,0.20000000000000012,0.5999999999999996,2.3090904582424123,1.943186638,4.23,-4061.110705432547,9.48343,5.656500672999999,19.003343911486283,3.06,5.9897904869356955,5.7760363966168455,11.76582688355254,23.402229671386003,11.488536392870907,11.913693278515098,-1.99,-6.04,0.18999999999999995,0.2599999999999998,2.2861659392977582,0.548377181,4.05,-15717.647341304437,1.22344,13.040835350999998,48.55193625232204,3.36,5.4354669030732845,4.23,8.097341903073286,3.3023419030732866,4.05,6.240927469135803,2.2259274691358018,3.9803024691358018,0.8700000000000001,0.6900000000000002,1.5240269143617209,56,2.6317358579999994,21227.1,2.2861044139999995,18439.3,0.059964056,2.309028316,18624.2,2.309028316,18624.2,1.943186638,1.943186638,2.257052621,0.65,77.0,0.878,22.26,15.05
1011,BT6IC-HD-4Cl,PBDB-TF,-2.77,-6.69,0.23,0.92,2.0739312636381673,2.2817054480000003,3.92,-6648.487380374417,4.4981300000000015,6.382662754000001,20.465044180510297,2.97,5.9897904869356955,8.455634921254621,14.445425408190316,27.88689375051141,16.323603215482038,11.563290535029358,-1.99,-6.04,0.18999999999999995,0.2599999999999998,2.2861659392977582,0.548377181,4.05,-15717.647341304437,1.22344,13.040835350999998,48.55193625232204,3.27,5.7073724489795925,3.92,8.317372448979592,3.5873724489795915,4.05,6.240927469135803,2.2259274691358018,3.9803024691358018,0.6500000000000004,0.78,1.580531377639898,59,2.6317358579999994,21227.1,2.2861044139999995,18439.3,0.059964056,2.07387545,16727.5,2.07387545,16727.5,2.2817054480000003,2.2817054480000003,2.257052621,0.65,72.65,0.88,24.43,14.9
1017,ITIC-Th,PDBT-T1,-2.58,-6.63,0.27,0.79,2.166323646101964,1.6652655980000002,4.05,-6242.754283967138,3.99462,5.66132857,18.24607883391064,3.09,5.048874370412562,7.322658015526723,12.371532385939286,24.848222797159053,14.707558624185422,10.140664172973628,-1.77,-5.97,0.1100000000000001,0.11000000000000032,2.382513390200357,0.842805392,4.199999999999998,-17967.99590191805,2.24224,13.443344381000006,40.16131844440885,3.39,5.236055555555557,4.05,7.791680555555555,3.1866805555555566,4.199999999999998,5.763428571428572,1.893428571428572,3.565928571428572,0.6600000000000001,0.81,2.0758140064776565,54,2.541490816,20499.2,2.382449272,19216.4,0.842805392,2.166265346,17472.7,2.166265346,17472.7,1.6652655980000002,1.6652655980000002,3.447543414,0.65,67.0,0.88,16.24,9.6
1021,ITIC-Th,PDCBT-Cl,-2.58,-6.63,0.27,0.79,2.166323646101964,1.6652655980000002,4.05,-6242.754283967138,3.99462,5.66132857,18.24607883391064,3.26,5.048874370412562,7.322658015526723,12.371532385939286,26.21527712580534,15.516712334901126,10.698564790904216,-1.92,-6.14,0.25,0.2600000000000007,2.381881075183496,4.076802804,4.22,-9402.575206581614,5.65723,5.183854525,6.8351369827283275,3.56,5.236055555555557,4.05,7.791680555555555,3.1866805555555566,4.22,6.127304502369666,2.0973045023696684,3.848554502369668,0.4900000000000002,0.6600000000000001,2.0758140064776565,54,2.3818169739999995,19211.3,2.3818169739999995,19211.3,4.076802804,2.166265346,17472.7,2.166265346,17472.7,1.6652655980000002,1.6652655980000002,4.076802804,0.65,70.0,0.94,18.3,12.11
1025,ITIC-Th,PffBT4T-2DT,-2.58,-6.63,0.27,0.79,2.166323646101964,1.6652655980000002,4.05,-6242.754283967138,3.99462,5.66132857,18.24607883391064,2.8500000000000005,11.470004624998436,7.322658015526723,18.79266264052516,34.813407541572865,13.565223973763256,21.248183567809612,-2.12,-5.73,0.13000000000000012,0.21,1.8744296766514577,1.631072887,3.61,-9935.390340808997,2.16526,8.256423152,42.729011551267,3.1500000000000004,5.236055555555557,4.05,7.791680555555555,3.1866805555555566,3.61,6.455611149584488,2.5306111495844874,4.267486149584489,0.8999999999999995,0.46,2.0758140064776565,54,2.05503049,16575.5,1.874379232,15118.4,1.631072887,2.166265346,17472.7,2.166265346,17472.7,1.6652655980000002,1.6652655980000002,1.759389755,0.65,57.1,0.858,13.47,6.6
1027,ITIC-Th,PTFB-O,-2.58,-6.63,0.27,0.79,2.166323646101964,1.6652655980000002,4.05,-6242.754283967138,3.99462,5.66132857,18.24607883391064,3.04,5.007148525382501,7.322658015526723,12.329806540909223,24.363697724836626,14.469572238680804,9.894125486155822,-1.79,-5.92,0.13000000000000012,0.1200000000000001,2.385712160285657,3.017880585,4.13,-10194.129684084059,10.48223,9.988432533,33.60423097633433,3.34,5.236055555555557,4.05,7.791680555555555,3.1866805555555566,4.13,5.783936138014527,1.928936138014528,3.598311138014528,0.71,0.79,2.0758140064776565,54,2.385647956,19242.2,2.385647956,19242.2,3.017880585,2.166265346,17472.7,2.166265346,17472.7,1.6652655980000002,1.6652655980000002,3.017880585,0.65,67.0,0.92,17.1,10.88
1055,Y11,PBDB-TF,-2.75,-6.62,0.29000000000000004,0.8499999999999996,2.062041261654433,2.332874763,3.87,-4707.367906795349,6.12202,6.684495942000001,22.283521792852227,2.99,5.9897904869356955,8.639401943084222,14.629192430019918,28.431835487743715,16.79067767638419,11.641157811359525,-1.99,-6.04,0.18999999999999995,0.2599999999999998,2.2861659392977582,0.548377181,4.05,-15717.647341304437,1.22344,13.040835350999998,48.55193625232204,3.29,5.6716343669250655,3.87,8.256009366925062,3.571009366925065,4.05,6.240927469135803,2.2259274691358018,3.9803024691358018,0.5800000000000001,0.76,1.0738563510072168,59,2.6317358579999994,21227.1,2.2861044139999995,18439.3,0.059964056,2.061985768,16631.6,2.061985768,16631.6,2.332874763,2.332874763,2.257052621,0.65,74.33,0.833,26.74,16.54
1077,CH1007,PBDB-TF,-2.77,-6.68,0.2400000000000002,0.9400000000000004,2.0788038087681016,2.29229075,3.91,-8978.223582072082,2.60258,6.233342445999999,19.410821657918238,2.97,5.9897904869356955,8.409595891909474,14.399386378845167,27.798015404360598,16.23472486933124,11.563290535029358,-1.99,-6.04,0.18999999999999995,0.2599999999999998,2.2861659392977582,0.548377181,4.05,-15717.647341304437,1.22344,13.040835350999998,48.55193625232204,3.27,5.70987851662404,3.91,8.31675351662404,3.591753516624041,4.05,6.240927469135803,2.2259274691358018,3.9803024691358018,0.6399999999999997,0.78,1.52349295845973,59,2.6317358579999994,21227.1,2.2861044139999995,18439.3,0.059964056,2.078747864,16766.8,2.078747864,16766.8,2.29229075,2.29229075,2.257052621,0.65,75.61,0.8220000000000001,27.48,17.08
1099,Y15,PBDB-TF,-2.77,-6.6,0.29000000000000004,0.8800000000000008,2.0334383058916883,2.429034191,3.83,-6148.6833161685645,5.9454400000000005,6.643793650000001,22.12594657490637,2.97,5.9897904869356955,9.015396683858519,15.005187170794215,28.967513833218234,17.404223298188878,11.563290535029358,-1.99,-6.04,0.18999999999999995,0.2599999999999998,2.2861659392977582,0.548377181,4.05,-15717.647341304437,1.22344,13.040835350999998,48.55193625232204,3.27,5.730868146214099,3.83,8.312743146214098,3.6277431462141,4.05,6.240927469135803,2.2259274691358018,3.9803024691358018,0.5599999999999996,0.78,1.4329549724676558,59,2.6317358579999994,21227.1,2.2861044139999995,18439.3,0.059964056,2.033383582,16400.9,2.033383582,16400.9,2.429034191,2.429034191,2.257052621,0.65,68.49,0.87,23.79,14.13
1121,F-2F,PBDB-TF,-2.71,-6.91,0.25,0.6699999999999999,2.3231749652846654,2.790367994,4.2,-3910.813798275829,3.01191,5.865610612,14.661113898370347,3.03,5.9897904869356955,5.601131933192955,11.590922420128651,22.828321706443376,11.031429342423527,11.796892364019852,-1.99,-6.04,0.18999999999999995,0.2599999999999998,2.2861659392977582,0.548377181,4.05,-15717.647341304437,1.22344,13.040835350999998,48.55193625232204,3.33,5.508595238095238,4.2,8.176095238095241,3.3660952380952383,4.05,6.240927469135803,2.2259274691358018,3.9803024691358018,0.8700000000000001,0.72,1.0562954895675865,54,2.6317358579999994,21227.1,2.2861044139999995,18439.3,0.059964056,2.3231124439999995,18737.8,2.3231124439999995,18737.8,2.790367994,2.790367994,2.257052621,0.65,74.1,0.941,18.54,12.93
1143,BTSe-4F,PBDB-TF,-2.8,-6.76,0.3099999999999996,0.8700000000000001,2.0775143820670503,1.88119791,3.96,-6304.440035123967,7.498480000000002,5.650199399999997,20.460649374241356,2.9400000000000004,5.9897904869356955,8.409595891909474,14.399386378845167,27.51722736997312,16.070737749439008,11.446489620534114,-1.99,-6.04,0.18999999999999995,0.2599999999999998,2.2861659392977582,0.548377181,4.05,-15717.647341304437,1.22344,13.040835350999998,48.55193625232204,3.24,5.7697979797979775,3.96,8.407297979797981,3.6272979797979783,4.05,6.240927469135803,2.2259274691358018,3.9803024691358018,0.7199999999999998,0.8099999999999998,1.3590306267460008,56,2.6317358579999994,21227.1,2.2861044139999995,18439.3,0.059964056,2.077458472,16756.4,2.077458472,16756.4,1.88119791,1.88119791,2.257052621,0.65,75.4,0.8109999999999999,22.52,13.79
1160,O-IDTBR,P3HT,-2.5,-6.34,0.23,0.6400000000000006,2.035694802618528,2.441165507,3.84,-5513.841507235471,2.18043,4.368987528,16.134883617869125,2.75,2.7032955920274753,9.015396683858519,11.718692275885994,20.94716244314622,16.115021572397108,4.832140870749113,-0.97,-5.55,0.76,0.79,2.686260166633604,2.364060892,4.58,-3859.844937179237,0.15653,2.7853530230000003,12.016106901188259,3.05,5.087604166666667,3.84,7.537604166666666,3.1176041666666667,4.58,4.2366866812227055,0.9766866812227076,2.320436681222707,0.79,1.53,0.8996670646455664,48,2.686187874,21666.3,2.686187874,21666.3,2.364060892,2.035640018,16419.1,2.035640018,16419.1,2.441165507,2.441165507,2.364060892,0.65,60.0,0.72,13.9,6.3
1169,ITIC,J71,-2.56,-6.59,0.2400000000000002,0.8399999999999999,2.134484725252926,1.744138136,4.0299999999999985,-4959.775091333931,0.42076,5.415067018999999,16.538055178675847,3.0500000000000003,4.771945250541704,7.682828798895218,12.454774049436926,24.691589553008704,15.231208093809775,9.460381459198928,-1.76,-5.91,0.3200000000000001,0.21999999999999967,2.415988891093037,3.435330346,4.15,-15406.502742895591,4.04634,10.76941207,26.194578388471605,3.35,5.193703473945411,4.0299999999999985,7.73307847394541,3.1580784739454097,4.15,5.720784638554218,1.8857846385542167,3.5439096385542164,0.6799999999999997,0.8,2.00978866736744,54,2.415923872,19486.4,2.415923872,19486.4,3.435330346,2.134427282,17215.9,2.134427282,17215.9,1.744138136,1.744138136,3.435330346,0.65,69.77,0.94,17.32,11.41
1173,ITIC,PTB7-Th,-2.56,-6.59,0.2400000000000002,0.8399999999999999,2.134484725252926,1.744138136,4.0299999999999985,-4959.775091333931,0.42076,5.415067018999999,16.538055178675847,3.0900000000000003,7.277138842750522,7.682828798895218,14.95996764164574,30.047095008245478,15.43096164258105,14.616133365664425,-2.05,-5.95,0.4199999999999999,0.3099999999999996,2.168530549494148,2.6916976910000003,3.9,-11533.103933002294,13.02707,8.566758652999999,24.18064733284576,3.39,5.193703473945411,4.0299999999999985,7.73307847394541,3.1580784739454097,3.9,6.3463141025641026,2.346314102564102,4.102564102564102,0.6399999999999997,0.5100000000000002,2.00978866736744,54,2.16847219,17490.5,2.16847219,17490.5,2.6916976910000003,2.134427282,17215.9,2.134427282,17215.9,1.744138136,1.744138136,2.6916976910000003,0.65,66.0,0.825,14.4,7.8
1174,ITIC,FTAZ,-2.56,-6.59,0.2400000000000002,0.8399999999999999,2.134484725252926,1.744138136,4.0299999999999985,-4959.775091333931,0.42076,5.415067018999999,16.538055178675847,3.07,4.731442027845098,7.682828798895218,12.414270826740315,24.772677434760304,15.33108486819541,9.441592566564893,-1.79,-5.93,0.17999999999999994,0.16000000000000014,2.41969599285856,5.075779484,4.14,-9410.312718462876,11.64466,8.78473932,21.157306354257802,3.37,5.193703473945411,4.0299999999999985,7.73307847394541,3.1580784739454097,4.14,5.7876871980676325,1.927687198067633,3.5989371980676337,0.6600000000000001,0.77,2.00978866736744,54,2.419630874,19516.3,2.419630874,19516.3,5.075779484,2.134427282,17215.9,2.134427282,17215.9,1.744138136,1.744138136,5.075779484,0.65,60.1,0.89,12.18,6.48
1175,ITIC,PDCBT-Cl,-2.56,-6.59,0.2400000000000002,0.8399999999999999,2.134484725252926,1.744138136,4.0299999999999985,-4959.775091333931,0.42076,5.415067018999999,16.538055178675847,3.28,5.048874370412562,7.682828798895218,12.73170316930778,27.143991156964184,16.379790999244605,10.764200157719578,-1.92,-6.14,0.25,0.2600000000000007,2.381881075183496,4.076802804,4.22,-9402.575206581614,5.65723,5.183854525,6.8351369827283275,3.58,5.193703473945411,4.0299999999999985,7.73307847394541,3.1580784739454097,4.22,6.127304502369666,2.0973045023696684,3.848554502369668,0.4500000000000002,0.6400000000000001,2.00978866736744,54,2.3818169739999995,19211.3,2.3818169739999995,19211.3,4.076802804,2.134427282,17215.9,2.134427282,17215.9,1.744138136,1.744138136,4.076802804,0.65,65.9,1.02,10.8,7.25
1177,ITIC,PBDB-T,-2.56,-6.59,0.2400000000000002,0.8399999999999999,2.134484725252926,1.744138136,4.0299999999999985,-4959.775091333931,0.42076,5.415067018999999,16.538055178675847,2.99,6.967194681231388,7.682828798895218,14.650023480126604,28.472320633626055,14.931577770652856,13.540742862973199,-1.83,-5.85,0.16000000000000014,0.29000000000000004,2.1962656219004164,0.241128707,4.02,-15122.809191764587,2.34005,12.751957815,44.747319950918076,3.29,5.193703473945411,4.0299999999999985,7.73307847394541,3.1580784739454097,4.02,5.839309701492535,1.9993097014925372,3.668059701492538,0.7400000000000002,0.73,2.00978866736744,54,2.625226908,21174.6,2.1962065159999997,17714.2,0.241128707,2.134427282,17215.9,2.134427282,17215.9,1.744138136,1.744138136,2.659886367,0.65,74.2,0.899,16.81,11.21
1180,ITIC,PFBDB-T,-2.56,-6.59,0.2400000000000002,0.8399999999999999,2.134484725252926,1.744138136,4.0299999999999985,-4959.775091333931,0.42076,5.415067018999999,16.538055178675847,3.2100000000000004,6.743289481812316,7.682828798895218,14.426118280707536,30.10009579269628,16.03022228889488,14.069873503801404,-2.03,-6.07,0.1499999999999999,0.10999999999999943,2.2146523507240627,1.553512982,4.040000000000001,-15717.644859435271,0.69531,12.78416149,46.086059068286716,3.51,5.193703473945411,4.0299999999999985,7.73307847394541,3.1580784739454097,4.040000000000001,6.337524752475248,2.287524752475247,4.060024752475247,0.5199999999999996,0.5300000000000002,2.00978866736744,54,2.5872270379999995,20868.1,2.21459275,17862.5,0.065804631,2.134427282,17215.9,2.134427282,17215.9,1.744138136,1.744138136,2.221059013,0.65,66.0,0.95,18.5,11.71
1181,ITIC,PTFB-O,-2.56,-6.59,0.2400000000000002,0.8399999999999999,2.134484725252926,1.744138136,4.0299999999999985,-4959.775091333931,0.42076,5.415067018999999,16.538055178675847,3.06,5.007148525382501,7.682828798895218,12.68997732427772,25.240364897988393,15.28114648100259,9.959218416985797,-1.79,-5.92,0.13000000000000012,0.1200000000000001,2.385712160285657,3.017880585,4.13,-10194.129684084059,10.48223,9.988432533,33.60423097633433,3.36,5.193703473945411,4.0299999999999985,7.73307847394541,3.1580784739454097,4.13,5.783936138014527,1.928936138014528,3.598311138014528,0.6699999999999999,0.77,2.00978866736744,54,2.385647956,19242.2,2.385647956,19242.2,3.017880585,2.134427282,17215.9,2.134427282,17215.9,1.744138136,1.744138136,3.017880585,0.65,70.0,0.92,15.5,10.13
1182,ITIC,P3HT,-2.56,-6.59,0.2400000000000002,0.8399999999999999,2.134484725252926,1.744138136,4.0299999999999985,-4959.775091333931,0.42076,5.415067018999999,16.538055178675847,2.69,2.7032955920274753,7.682828798895218,10.386124390922692,18.16013849752833,13.433426154868288,4.72671234266004,-0.97,-5.55,0.76,0.79,2.686260166633604,2.364060892,4.58,-3859.844937179237,0.15653,2.7853530230000003,12.016106901188259,2.99,5.193703473945411,4.0299999999999985,7.73307847394541,3.1580784739454097,4.58,4.2366866812227055,0.9766866812227076,2.320436681222707,1.04,1.59,2.00978866736744,54,2.686187874,21666.3,2.686187874,21666.3,2.364060892,2.134427282,17215.9,2.134427282,17215.9,1.744138136,1.744138136,2.364060892,0.65,56.93,0.52,4.22,1.24
1184,ITIC,PDCBT,-2.56,-6.59,0.2400000000000002,0.8399999999999999,2.134484725252926,1.744138136,4.0299999999999985,-4959.775091333931,0.42076,5.415067018999999,16.538055178675847,3.41,4.854251741037734,7.682828798895218,12.537080539932955,27.788439016761387,17.028990032751253,10.759448984010136,-2.07,-6.27,0.31999999999999984,0.2700000000000005,2.405375917476691,4.0511395010000015,4.199999999999998,-8259.677193006664,17.60853,5.931795626,4.930539931150049,3.71,5.193703473945411,4.0299999999999985,7.73307847394541,3.1580784739454097,4.199999999999998,6.487714285714286,2.3177142857142856,4.140214285714286,0.3200000000000003,0.4900000000000002,2.00978866736744,54,2.405311184,19400.8,2.405311184,19400.8,4.0511395010000015,2.134427282,17215.9,2.134427282,17215.9,1.744138136,1.744138136,4.0511395010000015,0.65,65.67,0.94,16.5,10.16
1185,ITIC,PBQ-4F,-2.56,-6.59,0.2400000000000002,0.8399999999999999,2.134484725252926,1.744138136,4.0299999999999985,-4959.775091333931,0.42076,5.415067018999999,16.538055178675847,3.15,7.682828798895218,7.682828798895218,15.365657597790436,31.461183931475922,15.730591965737961,15.730591965737961,-2.13,-6.01,0.1499999999999999,0.16999999999999993,2.1350178536004756,2.277207128,3.88,-15411.918742263257,7.49925,14.86141259,44.308368660358155,3.45,5.193703473945411,4.0299999999999985,7.73307847394541,3.1580784739454097,3.88,6.546804123711341,2.47680412371134,4.269304123711341,0.5800000000000001,0.43000000000000016,2.00978866736744,54,2.134960396,17220.2,2.134960396,17220.2,2.277207128,2.134427282,17215.9,2.134427282,17215.9,1.744138136,1.744138136,2.277207128,0.65,66.8,0.95,17.87,11.34
1199,ITCC,PBDB-T,-2.46,-6.62,0.25,0.8300000000000001,2.266824538781988,1.809113013,4.16,-5601.257931788396,5.78739,5.905132235,21.20373795675844,3.09,6.967194681231388,6.210453081006018,13.177647762237404,26.467305530453828,12.473695013200588,13.99361051725324,-1.83,-5.85,0.16000000000000014,0.29000000000000004,2.1962656219004164,0.241128707,4.02,-15122.809191764587,2.34005,12.751957815,44.747319950918076,3.39,4.954711538461538,4.16,7.4847115384615375,2.9447115384615383,4.02,5.839309701492535,1.9993097014925372,3.668059701492538,0.7700000000000005,0.6299999999999999,2.069286128466413,52,2.625226908,21174.6,2.1962065159999997,17714.2,0.241128707,2.266763534,18283.3,2.266763534,18283.3,1.809113013,1.809113013,2.659886367,0.65,71.0,1.01,15.9,11.4
1221,i-cc34,PBDB-T,-2.41,-6.51,0.2200000000000002,1.0300000000000002,2.373698174965285,0.788697071,4.1,-5984.633504881368,6.07572,5.147612522999999,8.083102646199732,3.14,6.967194681231388,5.1330450861721415,12.100239767403526,24.6965893652706,10.47654502087734,14.22004434439326,-1.83,-5.85,0.16000000000000014,0.29000000000000004,2.1962656219004164,0.241128707,4.02,-15122.809191764587,2.34005,12.751957815,44.747319950918076,3.4399999999999995,4.851609756097561,4.1,7.337859756097562,2.8778597560975614,4.02,5.839309701492535,1.9993097014925372,3.668059701492538,0.6600000000000001,0.5800000000000001,2.342051592271297,58,2.625226908,21174.6,2.1962065159999997,17714.2,0.241128707,3.5585607460000004,28702.7,2.3736342939999995,19145.3,0.0077370630000000015,1.251365624,2.659886367,0.65,63.0,0.96,15.46,9.35
1243,CPDT-4F,PBDB-T,-2.89,-6.7,0.44,0.8799999999999999,1.9960449315611977,2.935595252,3.81,-4357.187157745203,4.42143,5.625751201000002,13.094550271565687,2.66,6.967194681231388,9.57986996379594,16.547064645027326,28.60987477125225,16.563595167403182,12.046279603849067,-1.83,-5.85,0.16000000000000014,0.29000000000000004,2.1962656219004164,0.241128707,4.02,-15122.809191764587,2.34005,12.751957815,44.747319950918076,2.9599999999999995,6.034652230971128,3.81,8.670277230971129,3.875277230971129,4.02,5.839309701492535,1.9993097014925372,3.668059701492538,0.8500000000000005,1.06,0.971675500427424,52,2.625226908,21174.6,2.1962065159999997,17714.2,0.241128707,1.995991214,16099.3,1.995991214,16099.3,2.935595252,2.935595252,2.659886367,0.65,69.6,0.68,20.1,9.47
1275,BDTN-BF,PBDB-TF,-2.71,-6.66,0.29000000000000004,0.6699999999999999,2.133678833564769,2.380897304,3.95,-4929.722801245515,4.6894300000000015,6.3002412,19.888847065359656,3.03,5.9897904869356955,7.729181144578173,13.718971631513867,27.019514628266567,15.222622264246711,11.796892364019852,-1.99,-6.04,0.18999999999999995,0.2599999999999998,2.2861659392977582,0.548377181,4.05,-15717.647341304437,1.22344,13.040835350999998,48.55193625232204,3.33,5.556765822784811,3.95,8.146140822784812,3.461140822784809,4.05,6.240927469135803,2.2259274691358018,3.9803024691358018,0.6200000000000001,0.72,1.19913841482594,58,2.6317358579999994,21227.1,2.2861044139999995,18439.3,0.059964056,2.133621412,17209.4,2.133621412,17209.4,2.380897304,2.380897304,2.257052621,0.65,61.46,0.93,20.2,11.54
1287,NIBT,PBDB-T,-2.33,-6.37,0.21,0.8200000000000003,2.217317992461813,1.911268458,4.04,-6144.319685290371,2.30256,5.351630993000001,19.436284703942203,3.22,6.967194681231388,6.743289481812316,13.710484163043704,28.69604335325047,14.113704885433178,14.582338467817292,-1.83,-5.85,0.16000000000000014,0.29000000000000004,2.1962656219004164,0.241128707,4.02,-15122.809191764587,2.34005,12.751957815,44.747319950918076,3.52,4.68378712871287,4.04,7.11128712871287,2.7612871287128717,4.02,5.839309701492535,1.9993097014925372,3.668059701492538,0.5200000000000005,0.5,1.9468248984809151,72,2.625226908,21174.6,2.1962065159999997,17714.2,0.241128707,2.21725832,17884.0,2.21725832,17884.0,1.911268458,1.911268458,2.659886367,0.65,60.0,1.04,17.34,10.8
1319,M8,PBDB-TF,-2.76,-6.65,0.31999999999999984,0.8799999999999999,2.054341896449117,2.352554493,3.890000000000001,-3969.7586169278397,6.169980000000002,6.014755964,20.661917580907666,2.9800000000000004,5.9897904869356955,8.732043434864229,14.721833921799927,28.51619230652646,16.913968133332016,11.602224173194443,-1.99,-6.04,0.18999999999999995,0.2599999999999998,2.2861659392977582,0.548377181,4.05,-15717.647341304437,1.22344,13.040835350999998,48.55193625232204,3.28,5.690751928020566,3.890000000000001,8.286376928020562,3.581376928020565,4.05,6.240927469135803,2.2259274691358018,3.9803024691358018,0.6100000000000003,0.7699999999999998,1.1440567950993072,58,2.6317358579999994,21227.1,2.2861044139999995,18439.3,0.059964056,2.05428661,16569.5,2.05428661,16569.5,2.352554493,2.352554493,2.257052621,0.65,60.59,0.83,8.36,4.21
1331,Y1,PBDB-T,-2.65,-6.4,0.2599999999999998,0.8399999999999999,1.8851790319381077,1.089462461,3.75,-4860.416821146415,3.3325,5.790596854,21.799830757048895,2.9,6.967194681231388,11.277390258798649,18.244584940030038,34.391042611956614,21.25788063783545,13.133161974121164,-1.83,-5.85,0.16000000000000014,0.29000000000000004,2.1962656219004164,0.241128707,4.02,-15122.809191764587,2.34005,12.751957815,44.747319950918076,3.2,5.460166666666668,3.75,7.957041666666668,3.432041666666666,4.02,5.839309701492535,1.9993097014925372,3.668059701492538,0.5500000000000007,0.8199999999999998,1.3057377347709924,59,2.625226908,21174.6,2.1962065159999997,17714.2,0.241128707,1.885128298,15205.1,1.885128298,15205.1,1.089462461,1.089462461,2.659886367,0.65,69.5,0.88,21.4,13.4
1341,Y1,PBDB-TF,-2.65,-6.4,0.2599999999999998,0.8399999999999999,1.8851790319381077,1.089462461,3.75,-4860.416821146415,3.3325,5.790596854,21.799830757048895,3.0900000000000003,5.9897904869356955,11.277390258798649,17.267180745734347,34.68113252780743,22.650638334797087,12.030494193010346,-1.99,-6.04,0.18999999999999995,0.2599999999999998,2.2861659392977582,0.548377181,4.05,-15717.647341304437,1.22344,13.040835350999998,48.55193625232204,3.39,5.460166666666668,3.75,7.957041666666668,3.432041666666666,4.05,6.240927469135803,2.2259274691358018,3.9803024691358018,0.3600000000000003,0.6599999999999999,1.3057377347709924,59,2.6317358579999994,21227.1,2.2861044139999995,18439.3,0.059964056,1.885128298,15205.1,1.885128298,15205.1,1.089462461,1.089462461,2.257052621,0.65,55.5,0.92,12.9,7.1
1353,SNBDT1-F,PBDB-T,-2.62,-6.45,0.3200000000000003,0.7599999999999998,1.991841896449117,1.332382943,3.83,-4731.453918691001,9.84974,5.871113664000004,23.64501801587586,2.93,6.967194681231388,9.62626730150264,16.593461982734027,31.60224834611695,18.33322607571177,13.269022270405175,-1.83,-5.85,0.16000000000000014,0.29000000000000004,2.1962656219004164,0.241128707,4.02,-15122.809191764587,2.34005,12.751957815,44.747319950918076,3.2299999999999995,5.369771540469975,3.83,7.876646540469975,3.3416465404699736,4.02,5.839309701492535,1.9993097014925372,3.668059701492538,0.6000000000000005,0.79,1.1883725439251789,58,2.625226908,21174.6,2.1962065159999997,17714.2,0.241128707,1.9917882919999998,16065.4,1.9917882919999998,16065.4,1.332382943,1.332382943,2.659886367,0.65,70.4,0.86,20.97,12.7
1390,PC70BM,PBDB-T-SF,-2.54,-6.88,0.049999999999999815,0.28000000000000025,2.0562016464987103,0.121609764,4.34,-3279.358687300298,4.59596,3.147142338,9.229958684858364,3.140000000000001,7.18940971768899,8.732043434864229,15.92145315255322,32.49568588436113,17.822100650557896,14.673585233803234,-1.98,-5.98,0.09000000000000008,0.09999999999999963,2.1783624280896645,0.14610088,4.0,-18106.00965473941,3.00659,14.24515589,62.75526667518831,3.4400000000000004,5.111543778801844,4.34,7.737793778801844,3.0277937788018434,4.0,6.200100000000001,2.2201,3.960100000000001,0.8999999999999995,0.56,1.6268211165608886,68,2.396248246,19327.7,2.178303804,17569.8,0.14610088,2.478880916,19994.2,2.05614631,16584.5,0.009635634,0.121609764,0.880102012,0.65,66.1,0.96,14.0,8.89
1401,PC70BM,PTFB-O,-2.54,-6.88,0.049999999999999815,0.28000000000000025,2.0562016464987103,0.121609764,4.34,-3279.358687300298,4.59596,3.147142338,9.229958684858364,3.08,5.007148525382501,8.732043434864229,13.73919196024673,27.505862304413963,17.481550956598188,10.024311347815768,-1.79,-5.92,0.13000000000000012,0.1200000000000001,2.385712160285657,3.017880585,4.13,-10194.129684084059,10.48223,9.988432533,33.60423097633433,3.38,5.111543778801844,4.34,7.737793778801844,3.0277937788018434,4.13,5.783936138014527,1.928936138014528,3.598311138014528,0.96,0.75,1.6268211165608886,68,2.385647956,19242.2,2.385647956,19242.2,3.017880585,2.478880916,19994.2,2.05614631,16584.5,0.009635634,0.121609764,3.017880585,0.65,59.0,0.83,13.1,6.53
1402,PC70BM,P3HT,-2.54,-6.88,0.049999999999999815,0.28000000000000025,2.0562016464987103,0.121609764,4.34,-3279.358687300298,4.59596,3.147142338,9.229958684858364,2.71,2.7032955920274753,8.732043434864229,11.435339026891706,20.143349695869734,15.381494510513338,4.761855185356397,-0.97,-5.55,0.76,0.79,2.686260166633604,2.364060892,4.58,-3859.844937179237,0.15653,2.7853530230000003,12.016106901188259,3.01,5.111543778801844,4.34,7.737793778801844,3.0277937788018434,4.58,4.2366866812227055,0.9766866812227076,2.320436681222707,1.33,1.57,1.6268211165608886,68,2.686187874,21666.3,2.686187874,21666.3,2.364060892,2.478880916,19994.2,2.05614631,16584.5,0.009635634,0.121609764,2.364060892,0.65,69.9,0.6,10.68,4.48
1403,PC70BM,PTQ2,-2.54,-6.88,0.049999999999999815,0.28000000000000025,2.0562016464987103,0.121609764,4.34,-3279.358687300298,4.59596,3.147142338,9.229958684858364,3.3600000000000003,3.6031871115513336,8.732043434864229,12.335230546415564,26.94014351337159,19.07078286174348,7.869360651628113,-1.91,-6.2,0.4099999999999999,0.20000000000000012,2.5575654632017453,2.18439331,4.29,-10408.007351001079,1.9545,7.968147066,26.608475862299752,3.66,5.111543778801844,4.34,7.737793778801844,3.0277937788018434,4.29,6.12849796037296,2.07349796037296,3.83287296037296,0.6799999999999997,0.6300000000000001,1.6268211165608886,68,2.557496634,20628.3,2.557496634,20628.3,2.18439331,2.478880916,19994.2,2.05614631,16584.5,0.009635634,0.121609764,2.18439331,0.65,62.0,1.0,8.1,5.0
1407,PC70BM,PBDB-TF,-2.54,-6.88,0.049999999999999815,0.28000000000000025,2.0562016464987103,0.121609764,4.34,-3279.358687300298,4.59596,3.147142338,9.229958684858364,3.2,5.9897904869356955,8.732043434864229,14.721833921799927,30.621414557343844,18.1626503445176,12.458764212826244,-1.99,-6.04,0.18999999999999995,0.2599999999999998,2.2861659392977582,0.548377181,4.05,-15717.647341304437,1.22344,13.040835350999998,48.55193625232204,3.5,5.111543778801844,4.34,7.737793778801844,3.0277937788018434,4.05,6.240927469135803,2.2259274691358018,3.9803024691358018,0.8399999999999999,0.55,1.6268211165608886,68,2.6317358579999994,21227.1,2.2861044139999995,18439.3,0.059964056,2.478880916,19994.2,2.05614631,16584.5,0.009635634,0.121609764,2.257052621,0.65,72.3,0.93,13.5,9.06
1419,N65-2FIC,PBDB-T,-2.77,-6.61,0.29000000000000004,0.96,2.0138365403689744,2.062464359,3.84,-5549.025677092342,8.28011,5.7704417910000005,18.990919314600607,2.78,6.967194681231388,9.296379238008514,16.263573919239906,29.388278072066502,16.798557283081383,12.589720788985113,-1.83,-5.85,0.16000000000000014,0.29000000000000004,2.1962656219004164,0.241128707,4.02,-15122.809191764587,2.34005,12.751957815,44.747319950918076,3.08,5.728151041666668,3.84,8.313151041666666,3.623151041666668,4.02,5.839309701492535,1.9993097014925372,3.668059701492538,0.7600000000000007,0.94,1.892952597453579,58,2.625226908,21174.6,2.1962065159999997,17714.2,0.241128707,2.013782344,16242.8,2.013782344,16242.8,2.062464359,2.062464359,2.659886367,0.65,62.0,0.72,19.11,8.51
1429,N65-2FIC,PBDB-TF,-2.77,-6.61,0.29000000000000004,0.96,2.0138365403689744,2.062464359,3.84,-5549.025677092342,8.28011,5.7704417910000005,18.990919314600607,2.97,5.9897904869356955,9.296379238008514,15.286169724944207,29.509950654004804,17.946660118975434,11.563290535029358,-1.99,-6.04,0.18999999999999995,0.2599999999999998,2.2861659392977582,0.548377181,4.05,-15717.647341304437,1.22344,13.040835350999998,48.55193625232204,3.27,5.728151041666668,3.84,8.313151041666666,3.623151041666668,4.05,6.240927469135803,2.2259274691358018,3.9803024691358018,0.5700000000000003,0.78,1.892952597453579,58,2.6317358579999994,21227.1,2.2861044139999995,18439.3,0.059964056,2.013782344,16242.8,2.013782344,16242.8,2.062464359,2.062464359,2.257052621,0.65,58.0,0.82,21.49,10.19
1446,PCBM,P3HT,-2.5,-7.1,0.08000000000000007,0.1800000000000006,2.1217516365800435,0.281038552,4.6,-2898.714048371355,4.12265,2.047633325,1.0443204555742869,2.75,2.7032955920274753,7.870659506915215,10.57395509894269,18.900944739360057,14.06880386861095,4.832140870749113,-0.97,-5.55,0.76,0.79,2.686260166633604,2.364060892,4.58,-3859.844937179237,0.15653,2.7853530230000003,12.016106901188259,3.05,5.008695652173913,4.6,7.6961956521739125,2.896195652173913,4.58,4.2366866812227055,0.9766866812227076,2.320436681222707,1.5499999999999998,1.53,1.5469311688664609,58,2.686187874,21666.3,2.686187874,21666.3,2.364060892,2.121694536,17113.2,2.121694536,17113.2,0.004045055,0.004045055,2.364060892,0.65,65.8,0.6,9.6,3.79
1457,IDIC,PDBT-T1,-2.71,-6.93,0.46,0.8900000000000006,2.3076894465383853,2.577273585,4.22,-3088.4026259816414,3.56448,5.100503454,13.988175981839616,2.96,5.048874370412562,5.7760363966168455,10.824910767029406,20.82712831576458,11.113094027090812,9.714034288673767,-1.77,-5.97,0.1100000000000001,0.11000000000000032,2.382513390200357,0.842805392,4.199999999999998,-17967.99590191805,2.24224,13.443344381000006,40.16131844440885,3.26,5.505308056872039,4.22,8.179058056872039,3.3590580568720374,4.199999999999998,5.763428571428572,1.893428571428572,3.565928571428572,0.96,0.94,0.9205276209576624,48,2.541490816,20499.2,2.382449272,19216.4,0.842805392,2.307627342,18612.9,2.307627342,18612.9,2.577273585,2.577273585,3.447543414,0.65,73.2,0.8340000000000001,16.98,10.37
1460,IDIC,FTAZ,-2.71,-6.93,0.46,0.8900000000000006,2.3076894465383853,2.577273585,4.22,-3088.4026259816414,3.56448,5.100503454,13.988175981839616,2.92,4.731442027845098,5.7760363966168455,10.507478424461944,19.94319404962877,10.962917080778773,8.980276968849996,-1.79,-5.93,0.17999999999999994,0.16000000000000014,2.41969599285856,5.075779484,4.14,-9410.312718462876,11.64466,8.78473932,21.157306354257802,3.22,5.505308056872039,4.22,8.179058056872039,3.3590580568720374,4.14,5.7876871980676325,1.927687198067633,3.5989371980676337,1.0,0.92,0.9205276209576624,48,2.419630874,19516.3,2.419630874,19516.3,5.075779484,2.307627342,18612.9,2.307627342,18612.9,2.577273585,2.577273585,5.075779484,0.65,71.8,0.84,20.8,12.5
1461,IDIC,PDCBT-Cl,-2.71,-6.93,0.46,0.8900000000000006,2.3076894465383853,2.577273585,4.22,-3088.4026259816414,3.56448,5.100503454,13.988175981839616,3.13,5.048874370412562,5.7760363966168455,10.824910767029406,22.023280955521326,11.751346048916972,10.271934906604356,-1.92,-6.14,0.25,0.2600000000000007,2.381881075183496,4.076802804,4.22,-9402.575206581614,5.65723,5.183854525,6.8351369827283275,3.43,5.505308056872039,4.22,8.179058056872039,3.3590580568720374,4.22,6.127304502369666,2.0973045023696684,3.848554502369668,0.79,0.79,0.9205276209576624,48,2.3818169739999995,19211.3,2.3818169739999995,19211.3,4.076802804,2.307627342,18612.9,2.307627342,18612.9,2.577273585,2.577273585,4.076802804,0.65,65.8,0.95,15.2,9.44
1473,IDIC,PBDB-TF,-2.71,-6.93,0.46,0.8900000000000006,2.3076894465383853,2.577273585,4.22,-3088.4026259816414,3.56448,5.100503454,13.988175981839616,3.03,5.9897904869356955,5.7760363966168455,11.76582688355254,23.17279604715673,11.375903683136878,11.796892364019852,-1.99,-6.04,0.18999999999999995,0.2599999999999998,2.2861659392977582,0.548377181,4.05,-15717.647341304437,1.22344,13.040835350999998,48.55193625232204,3.33,5.505308056872039,4.22,8.179058056872039,3.3590580568720374,4.05,6.240927469135803,2.2259274691358018,3.9803024691358018,0.8899999999999997,0.72,0.9205276209576624,48,2.6317358579999994,21227.1,2.2861044139999995,18439.3,0.059964056,2.307627342,18612.9,2.307627342,18612.9,2.577273585,2.577273585,2.257052621,0.65,69.0,0.97,17.8,11.9
1475,TPIC,PBDB-T-2Cl,-2.53,-6.46,0.2999999999999998,0.8899999999999997,2.092789129141043,2.153548624,3.93,-4695.50792870129,1.9045,5.531892343999998,17.869038664665172,3.31,5.517483362398774,8.227989543604279,13.745472906003053,29.573384957265574,17.702519503064607,11.870865454200962,-1.96,-6.14,0.1299999999999999,0.11000000000000032,2.3313950605038682,0.283931444,4.18,-17879.618020185568,2.20141,12.985482327,50.146237991126526,3.61,5.1412277353689575,3.93,7.6343527353689575,3.139352735368957,4.18,6.2102930622009564,2.1602930622009566,3.924043062200957,0.3200000000000003,0.5699999999999998,2.200282901048916,54,2.5710724439999995,20737.8,2.3313323179999994,18804.1,0.283931444,2.092732808,16879.6,2.092732808,16879.6,2.153548624,2.153548624,1.818247616,0.65,71.11,1.003,18.51,13.2
1518,IT-4F,PDCBT-2F,-2.75,-6.79,0.2799999999999998,0.7999999999999998,2.208440785558421,2.613444528,4.04,-5356.332549198552,4.10013,5.943682365000001,16.77993797412577,3.3600000000000003,5.007148525382501,6.832665397776075,11.839813923158575,25.85815360817833,14.922541228742947,10.935612379435382,-2.23,-6.41,0.3200000000000001,0.29000000000000004,2.389146498710573,4.043250557,4.18,-8854.498196663628,18.68951,5.974315108000001,7.115365357337444,3.66,5.631905940594058,4.04,8.269405940594059,3.4994059405940585,4.18,6.885938995215312,2.565938995215311,4.464688995215312,0.3799999999999999,0.52,2.0547376469216463,54,2.389082202,19269.9,2.389082202,19269.9,4.043250557,2.208381352,17812.4,2.208381352,17812.4,2.613444528,2.613444528,4.043250557,0.65,71.0,0.92,18.2,11.9
1519,IT-4F,PBDB-T-2Cl,-2.75,-6.79,0.2799999999999998,0.7999999999999998,2.208440785558421,2.613444528,4.04,-5356.332549198552,4.10013,5.943682365000001,16.77993797412577,3.09,5.517483362398774,6.832665397776075,12.350148760174847,24.80527378481118,13.723408451433244,11.081865333377936,-1.96,-6.14,0.1299999999999999,0.11000000000000032,2.3313950605038682,0.283931444,4.18,-17879.618020185568,2.20141,12.985482327,50.146237991126526,3.39,5.631905940594058,4.04,8.269405940594059,3.4994059405940585,4.18,6.2102930622009564,2.1602930622009566,3.924043062200957,0.6500000000000004,0.79,2.0547376469216463,54,2.5710724439999995,20737.8,2.3313323179999994,18804.1,0.283931444,2.208381352,17812.4,2.208381352,17812.4,2.613444528,2.613444528,1.818247616,0.65,77.0,0.86,21.8,14.4
1520,IT-4F,PBN-S,-2.75,-6.79,0.2799999999999998,0.7999999999999998,2.208440785558421,2.613444528,4.04,-5356.332549198552,4.10013,5.943682365000001,16.77993797412577,3.2,5.1330450861721415,6.832665397776075,11.965710483948214,24.888677806612293,14.211944027374233,10.676733779238054,-2.12,-6.25,0.10000000000000007,0.13999999999999968,2.3716896449117235,0.218227421,4.13,-17143.844153452093,6.44399,13.714828551999998,45.98916704269936,3.5,5.631905940594058,4.04,8.269405940594059,3.4994059405940585,4.13,6.591357445520583,2.4063574455205807,4.240732445520583,0.54,0.6299999999999999,2.0547376469216463,54,2.50414804,20198.0,2.371625818,19129.1,0.218227421,2.208381352,17812.4,2.208381352,17812.4,2.613444528,2.613444528,2.7696043610000003,0.65,69.9,0.8909999999999999,21.03,13.1
1522,IT-4F,PBDB-T-SF,-2.75,-6.79,0.2799999999999998,0.7999999999999998,2.208440785558421,2.613444528,4.04,-5356.332549198552,4.10013,5.943682365000001,16.77993797412577,2.9300000000000006,7.18940971768899,6.832665397776075,14.022075115465064,26.705042057403222,13.012811250064535,13.692230807338689,-1.98,-5.98,0.09000000000000008,0.09999999999999963,2.1783624280896645,0.14610088,4.0,-18106.00965473941,3.00659,14.24515589,62.75526667518831,3.2300000000000004,5.631905940594058,4.04,8.269405940594059,3.4994059405940585,4.0,6.200100000000001,2.2201,3.960100000000001,0.8099999999999996,0.77,2.0547376469216463,54,2.396248246,19327.7,2.178303804,17569.8,0.14610088,2.208381352,17812.4,2.208381352,17812.4,2.613444528,2.613444528,0.880102012,0.65,71.0,0.88,20.88,13.1
1527,IT-4F,PDCBT-Cl,-2.75,-6.79,0.2799999999999998,0.7999999999999998,2.208440785558421,2.613444528,4.04,-5356.332549198552,4.10013,5.943682365000001,16.77993797412577,3.09,5.048874370412562,6.832665397776075,11.881539768188635,23.864072624406877,13.723408451433244,10.140664172973628,-1.92,-6.14,0.25,0.2600000000000007,2.381881075183496,4.076802804,4.22,-9402.575206581614,5.65723,5.183854525,6.8351369827283275,3.39,5.631905940594058,4.04,8.269405940594059,3.4994059405940585,4.22,6.127304502369666,2.0973045023696684,3.848554502369668,0.6500000000000004,0.8300000000000001,2.0547376469216463,54,2.3818169739999995,19211.3,2.3818169739999995,19211.3,4.076802804,2.208381352,17812.4,2.208381352,17812.4,2.613444528,2.613444528,4.076802804,0.65,60.0,0.89,17.2,9.05
1528,IT-4F,P2,-2.75,-6.79,0.2799999999999998,0.7999999999999998,2.208440785558421,2.613444528,4.04,-5356.332549198552,4.10013,5.943682365000001,16.77993797412577,3.17,4.155882326876856,6.832665397776075,10.98854772465293,22.641902586647358,14.0787070521176,8.563195534529763,-2.05,-6.22,0.2099999999999997,0.11000000000000032,2.4857171196191232,4.7539747210000005,4.17,-16905.950356579244,6.1365300000000005,12.104839638,26.17189741395175,3.47,5.631905940594058,4.04,8.269405940594059,3.4994059405940585,4.17,6.4284187649880105,2.2934187649880093,4.10029376498801,0.5700000000000003,0.7000000000000002,2.0547376469216463,54,2.485650224,20048.8,2.485650224,20048.8,4.7539747210000005,2.208381352,17812.4,2.208381352,17812.4,2.613444528,2.613444528,4.7539747210000005,0.65,76.0,0.9,20.73,14.2
1530,IT-4F,PBDT-3TCO,-2.75,-6.79,0.2799999999999998,0.7999999999999998,2.208440785558421,2.613444528,4.04,-5356.332549198552,4.10013,5.943682365000001,16.77993797412577,3.03,4.521306487354939,6.832665397776075,11.353971885131012,22.36164762776553,13.456934500919981,8.904713126845554,-1.9,-6.08,0.2,0.16000000000000014,2.44236014679627,5.199305003,4.18,-14105.919536309475,5.08026,11.226781201,26.03033813283712,3.33,5.631905940594058,4.04,8.269405940594059,3.4994059405940585,4.18,6.064886363636365,2.0748863636363635,3.8086363636363636,0.71,0.8500000000000001,2.0547376469216463,54,2.4422944179999995,19699.1,2.4422944179999995,19699.1,5.199305003,2.208381352,17812.4,2.208381352,17812.4,2.613444528,2.613444528,5.199305003,0.65,63.68,0.88,20.94,11.77
1535,IT-4F,PTQ2,-2.75,-6.79,0.2799999999999998,0.7999999999999998,2.208440785558421,2.613444528,4.04,-5356.332549198552,4.10013,5.943682365000001,16.77993797412577,3.1500000000000004,3.6031871115513336,6.832665397776075,10.435852509327407,21.36740801284787,13.989882401946511,7.3775256109013565,-1.91,-6.2,0.4099999999999999,0.20000000000000012,2.5575654632017453,2.18439331,4.29,-10408.007351001079,1.9545,7.968147066,26.608475862299752,3.45,5.631905940594058,4.04,8.269405940594059,3.4994059405940585,4.29,6.12849796037296,2.07349796037296,3.83287296037296,0.5899999999999999,0.8400000000000001,2.0547376469216463,54,2.557496634,20628.3,2.557496634,20628.3,2.18439331,2.208381352,17812.4,2.208381352,17812.4,2.613444528,2.613444528,2.18439331,0.65,75.0,0.91,21.5,14.7
1551,Y2,PBDB-T,-2.68,-6.5,0.31000000000000005,0.8600000000000003,2.0226269589367187,2.432335371,3.82,-4795.247449887895,5.40993,6.066012839000001,18.191375465363496,2.87,6.967194681231388,9.203070504345703,16.170265185577094,30.165629703694066,17.168328025856912,12.997301677837152,-1.83,-5.85,0.16000000000000014,0.29000000000000004,2.1962656219004164,0.241128707,4.02,-15122.809191764587,2.34005,12.751957815,44.747319950918076,3.1699999999999995,5.5152094240837695,3.82,8.048959424083769,3.45895942408377,4.02,5.839309701492535,1.9993097014925372,3.668059701492538,0.6500000000000004,0.8500000000000001,0.6086377140585908,57,2.625226908,21174.6,2.1962065159999997,17714.2,0.241128707,2.022572526,16313.7,2.022572526,16313.7,2.432335371,2.432335371,2.659886367,0.65,69.4,0.82,23.56,13.4
1583,SeTIC4Cl,PBDB-TF,-2.76,-6.73,0.2599999999999998,0.7999999999999998,2.11995387819877,2.251970773,3.9700000000000006,-10804.249154796109,5.346019999999998,5.951348291000001,20.25788112828038,2.9800000000000004,5.9897904869356955,7.870659506915215,13.86044999385091,26.847691638089213,15.245467464894777,11.602224173194443,-1.99,-6.04,0.18999999999999995,0.2599999999999998,2.2861659392977582,0.548377181,4.05,-15717.647341304437,1.22344,13.040835350999998,48.55193625232204,3.28,5.671290931989923,3.9700000000000006,8.291915931989925,3.546915931989924,4.05,6.240927469135803,2.2259274691358018,3.9803024691358018,0.6900000000000004,0.7699999999999998,2.1324280792739563,54,2.6317358579999994,21227.1,2.2861044139999995,18439.3,0.059964056,2.1198968259999997,17098.7,2.1198968259999997,17098.7,2.251970773,2.251970773,2.257052621,0.65,75.0,0.78,22.92,13.32
1585,TPIC-4F,PBDB-T-2Cl,-2.71,-6.66,0.3300000000000001,0.8599999999999994,2.166410434437612,3.0146831030000003,3.95,-5092.073947606435,4.26922,6.1682101739999995,13.303950767598266,3.13,5.517483362398774,7.322658015526723,12.840141377925494,26.123267633389414,14.897947732589119,11.225319900800304,-1.96,-6.14,0.1299999999999999,0.11000000000000032,2.3313950605038682,0.283931444,4.18,-17879.618020185568,2.20141,12.985482327,50.146237991126526,3.43,5.556765822784811,3.95,8.146140822784812,3.461140822784809,4.18,6.2102930622009564,2.1602930622009566,3.924043062200957,0.5200000000000005,0.75,1.950614536874609,54,2.5710724439999995,20737.8,2.3313323179999994,18804.1,0.283931444,2.166352132,17473.4,2.166352132,17473.4,3.0146831030000003,3.0146831030000003,1.818247616,0.65,74.2,0.901,22.35,14.9
