Acc-Don Pair,LUMO offset,HOMO offset,D-HOMO & A-LUMO offset
AQx-2/P3HT,1.7328789532696907,0.5938068445611009,1.2770769086624654
AQx-2/PBDB-T-2Cl,0.9475606574636148,0.38931328591035097,1.4815704673132153
AQx-2/PBDB-TF,0.946475187817827,0.4565798297539505,1.4143039234696158
AQx-2/PBDB-T,0.8130665856387123,0.6321748974816002,1.238708855741966
AQx-2/PDCBT-Cl,0.9610658447894904,0.622678124099151,1.2482056291244152
AQx-2/PTB7-Th,0.8457965006159434,0.7087205236272505,1.1621632295963158
AQx/P3HT,1.7509480663436987,0.5336424722155497,1.2590077955884573
AQx/PBDB-T-2Cl,0.9656297705376229,0.3291489135647998,1.4635013542392072
AQx/PBDB-TF,0.9645443008918351,0.39641545740839934,1.3962348103956077
AQx/PBDB-T,0.8311356987127203,0.572010525136049,1.220639742667958
AQx/PDCBT-Cl,0.9791349578634985,0.5625137517535999,1.2301365160504072
AQx/PTB7-Th,0.8638656136899514,0.6485561512816993,1.1440941165223077
BCDT-4Cl/P3HT,1.794987350714739,0.4649065135792503,1.2149685112174171
BCDT-4Cl/PBDB-T-2Cl,1.009669054908663,0.26041295492850036,1.419462069868167
BCDT-4Cl/PBDB-TF,1.0085835852628753,0.3276794987720999,1.3521955260245675
BCDT-4Cl/PBDB-T,0.8751749830837605,0.5032745664997496,1.1766004582969178
BCDT-4Cl/PDCBT-Cl,1.0231742422345387,0.4937777931173004,1.186097231679367
BCDT-4Cl/PTB7-Th,0.9079048980609916,0.5798201926453999,1.1000548321512675
BCDT-4F/P3HT,1.7709945034579446,0.4314909327378498,1.2389613584742114
BCDT-4F/PBDB-T-2Cl,0.9856762076518688,0.22699737408709986,1.4434549171249613
BCDT-4F/PBDB-TF,0.984590738006081,0.2942639179306994,1.3761883732813618
BCDT-4F/PBDB-T,0.8511821358269662,0.46985898565834905,1.2005933055537121
BCDT-4F/PDCBT-Cl,0.9991813949777444,0.4603622122758999,1.2100900789361613
BCDT-4F/PTB7-Th,0.8839120508041973,0.5464046118039994,1.1240476794080618
BDTN-BF/P3HT,1.7079106527117034,0.5285811545962504,1.3020452092204526
BDTN-BF/PBDB-T-2Cl,0.9225923569056276,0.3240875959455005,1.5065387678712026
BDTN-BF/PBDB-TF,0.9215068872598398,0.39135413978910005,1.439272224027603
BDTN-BF/PBDB-T,0.788098285080725,0.5669492075167497,1.2636771562999534
BDTN-BF/PDCBT-Cl,0.9360975442315032,0.5574524341343006,1.2731739296824025
BDTN-BF/PTB7-Th,0.8208282000579561,0.6434948336624,1.187131530154303
BDTN-Th/P3HT,1.6456161044360287,0.35108128991510057,1.3643397574961273
BDTN-Th/PBDB-T-2Cl,0.8602978086299529,0.14658773126435065,1.5688333161468773
BDTN-Th/PBDB-TF,0.859212338984165,0.2138542751079502,1.5015667723032777
BDTN-Th/PBDB-T,0.7258037368050503,0.38944934283559984,1.325971704575628
BDTN-Th/PDCBT-Cl,0.8738029959558284,0.3799525694531507,1.3354684779580772
BDTN-Th/PTB7-Th,0.7585336517822814,0.46599496898125015,1.2494260784299778
BT6IC-HD-4Cl/P3HT,1.845772809627921,0.5804732658866003,1.1641830523042351
BT6IC-HD-4Cl/PBDB-T-2Cl,1.060454513821845,0.3759797072358504,1.368676610954985
BT6IC-HD-4Cl/PBDB-TF,1.0593690441760573,0.4432462510794499,1.3014100671113855
BT6IC-HD-4Cl/PBDB-T,0.9259604419969425,0.6188413188070996,1.1258149993837359
BT6IC-HD-4Cl/PDCBT-Cl,1.0739597011477207,0.6093445454246504,1.135311772766185
BT6IC-HD-4Cl/PTB7-Th,0.9586903569741736,0.6953869449527499,1.0492693732380856
BTA3/P3HT,1.4346111737358007,0.2836242663761501,1.5753446881963553
BTA3/PBDB-T-2Cl,0.6492928779297249,0.0791307077254002,1.7798382468471052
BTA3/PBDB-TF,0.6482074082839371,0.14639725156899974,1.7125717030035057
BTA3/PBDB-T,0.5147988061048223,0.3219923192966494,1.536976635275856
BTA3/PDCBT-Cl,0.6627980652556005,0.31249554591420026,1.5464734086583052
BTA3/PTB7-Th,0.5475287210820534,0.3985379454422997,1.4604310091302057
BTA43/P3HT,1.3463379506957174,0.15358105722220028,1.6636179112364387
BTA43/PBDB-T-2Cl,0.5610196548896416,0.05091250142854964,1.8681114698871886
BTA43/PBDB-TF,0.5599341852438537,0.016354042415049896,1.800844926043589
BTA43/PBDB-T,0.426525583064739,0.19194911014269955,1.6252498583159394
BTA43/PDCBT-Cl,0.5745248422155171,0.1824523367602504,1.6347466316983885
BTA43/PTB7-Th,0.4592554980419701,0.26849473628834986,1.548704232170289
BTA53/P3HT,1.4853830433945219,0.2407391235373506,1.5245728185376342
BTA53/PBDB-T-2Cl,0.7000647475884461,0.03624556488660069,1.729066377188384
BTA53/PBDB-TF,0.6989792779426582,0.10351210873020023,1.6617998333447845
BTA53/PBDB-T,0.5655706757635435,0.2791071764578499,1.4862047656171349
BTA53/PDCBT-Cl,0.7135699349143216,0.26961040307540074,1.495701538999584
BTA53/PTB7-Th,0.5983005907407746,0.3556528026035002,1.4096591394714846
BTCIC-4Cl/P3HT,1.9105295384412835,0.6011539185246004,1.0994263234908725
BTCIC-4Cl/PBDB-T-2Cl,1.1252112426352077,0.3966603598738505,1.3039198821416225
BTCIC-4Cl/PBDB-TF,1.1241257729894198,0.46392690371745005,1.236653338298023
BTCIC-4Cl/PBDB-T,0.9907171708103051,0.6395219714450997,1.0610582705703733
BTCIC-4Cl/PDCBT-Cl,1.1387164299610832,0.6300251980626506,1.0705550439528224
BTCIC-4Cl/PTB7-Th,1.0234470857875362,0.71606759759075,0.984512644424723
BTCIC/P3HT,1.7355025646615165,0.3838982202854009,1.2744532972706395
BTCIC/PBDB-T-2Cl,0.9501842688554407,0.17940466163465096,1.4789468559213894
BTCIC/PBDB-TF,0.9490987992096529,0.2466712054782505,1.4116803120777899
BTCIC/PBDB-T,0.8156901970305381,0.42226627320590016,1.2360852443501402
BTCIC/PDCBT-Cl,0.9636894561813163,0.412769499823451,1.2455820177325894
BTCIC/PTB7-Th,0.8484201120077692,0.49881189935155046,1.15953961820449
BTDT2R/P3HT,1.3802005411555296,0.4443619178664999,1.6297553207766264
BTDT2R/PBDB-T-2Cl,0.5948822453494538,0.23986835921575,1.8342488794273764
BTDT2R/PBDB-TF,0.593796775703666,0.30713490305934954,1.7669823355837768
BTDT2R/PBDB-T,0.4603881735245512,0.4827299707869992,1.5913872678561272
BTDT2R/PDCBT-Cl,0.6083874326753294,0.47323319740455005,1.6008840412385763
BTDT2R/PTB7-Th,0.4931180885017823,0.5592755969326495,1.5148416417104769
BTN-4F/P3HT,1.7625927901987564,0.5522550595897506,1.2473630717333997
BTN-4F/PBDB-T-2Cl,0.9772744943926805,0.3477615009390007,1.4518566303841496
BTN-4F/PBDB-TF,0.9761890247468927,0.41502804478260025,1.38459008654055
BTN-4F/PBDB-T,0.842780422567778,0.5906231125102499,1.2089950188129004
BTN-4F/PDCBT-Cl,0.9907796817185561,0.5811263391278008,1.2184917921953495
BTN-4F/PTB7-Th,0.8755103375450091,0.6671687386559002,1.13244939266725
BTP-4Cl/P3HT,1.798054892116264,0.6507874848558002,1.211900969815892
BTP-4Cl/PBDB-T-2Cl,1.0127365963101882,0.44629392620505026,1.416394528466642
BTP-4Cl/PBDB-TF,1.0116511266644004,0.5135604700486498,1.3491279846230424
BTP-4Cl/PBDB-T,0.8782425244852856,0.6891555377762995,1.1735329168953927
BTP-4Cl/PDCBT-Cl,1.0262417836360638,0.6796587643938503,1.1830296902778419
BTP-4Cl/PTB7-Th,0.9109724394625167,0.7657011639219498,1.0969872907497424
BTP-PhC6/P3HT,1.6817801449876684,0.5191388039838998,1.3281757169444877
BTP-PhC6/PBDB-T-2Cl,0.8964618491815926,0.31464524533314986,1.5326692755952376
BTP-PhC6/PBDB-TF,0.8953763795358047,0.3819117891767494,1.465402731751638
BTP-PhC6/PBDB-T,0.76196777735669,0.557506856904399,1.2898076640239884
BTP-PhC6/PDCBT-Cl,0.9099670365074681,0.5480100835219499,1.2993044374064375
BTP-PhC6/PTB7-Th,0.7946976923339211,0.6340524830500494,1.213262037878338
BTSe-4F/P3HT,1.850738817088566,0.6576719652734502,1.1592170448435901
BTSe-4F/PBDB-T-2Cl,1.06542052128249,0.45317840662270026,1.36371060349434
BTSe-4F/PBDB-TF,1.0643350516367023,0.5204449504662998,1.2964440596507405
BTSe-4F/PBDB-T,0.9309264494575875,0.6960400181939495,1.1208489919230908
BTSe-4F/PDCBT-Cl,1.0789257086083657,0.6865432448115003,1.13034576530554
BTSe-4F/PTB7-Th,0.9636563644348186,0.7725856443395998,1.0443033657774405
BTTPC-Br/P3HT,1.6627363340876333,0.4287425828478,1.3472195278445227
BTTPC-Br/PBDB-T-2Cl,0.8774180382815575,0.22424902419705006,1.5517130864952726
BTTPC-Br/PBDB-TF,0.8763325686357697,0.2915155680406496,1.484446542651673
BTTPC-Br/PBDB-T,0.7429239664566549,0.46711063576829925,1.3088514749240234
BTTPC-Br/PDCBT-Cl,0.8909232256074331,0.4576138623858501,1.3183482483064726
BTTPC-Br/PTB7-Th,0.775653881433886,0.5436562619139496,1.2323058487783731
BTTPC/P3HT,1.6148267998327457,0.4266200948139005,1.3951290620994103
BTTPC/PBDB-T-2Cl,0.8295085040266699,0.2221265361631506,1.5996226207501603
BTTPC/PBDB-TF,0.828423034380882,0.2893930800067501,1.5323560769065607
BTTPC/PBDB-T,0.6950144322017673,0.4649881477343998,1.356761009178911
BTTPC/PDCBT-Cl,0.8430136913525454,0.45549137435195064,1.3662577825613602
BTTPC/PTB7-Th,0.7277443471789984,0.5415337738800501,1.2802153830332608
CH1007/P3HT,1.7797474611816626,0.5822420059148508,1.2302084007504934
CH1007/PBDB-T-2Cl,0.9944291653755868,0.37774844726410084,1.4347019594012433
CH1007/PBDB-TF,0.993343695729799,0.4450149911077004,1.3674354155576438
CH1007/PBDB-T,0.8599350935506842,0.62061005883535,1.1918403478299942
CH1007/PDCBT-Cl,1.0079343527014624,0.6111132854529009,1.2013371212124433
CH1007/PTB7-Th,0.8926650085279153,0.6971556849810003,1.1152947216843438
CPDT-4Cl/P3HT,1.8485636105358068,0.5456971157927004,1.1613922513963493
CPDT-4Cl/PBDB-T-2Cl,1.063245314729731,0.3412035571419505,1.3658858100470992
CPDT-4Cl/PBDB-TF,1.0621598450839431,0.40847010098555003,1.2986192662034997
CPDT-4Cl/PBDB-T,0.9287512429048284,0.5840651687131997,1.12302419847585
CPDT-4Cl/PDCBT-Cl,1.0767505020556065,0.5745683953307505,1.1325209718582991
CPDT-4Cl/PTB7-Th,0.9614811578820595,0.66061079485885,1.0464785723301997
CPDT-4F/P3HT,1.7774320278165168,0.5986232597149499,1.2325238341156393
CPDT-4F/PBDB-T-2Cl,0.992113732010441,0.3941297010642,1.4370173927663892
CPDT-4F/PBDB-TF,0.9910282623646531,0.4613962449077995,1.3697508489227896
CPDT-4F/PBDB-T,0.8576196601855384,0.6369913126354492,1.19415578119514
CPDT-4F/PDCBT-Cl,1.0056189193363165,0.627494539253,1.2036525545775891
CPDT-4F/PTB7-Th,0.8903495751627695,0.7135369387810995,1.1176101550494897
DTG-IW/P3HT,1.789231112437438,0.5795752901799496,1.220724749494718
DTG-IW/PBDB-T-2Cl,1.0039128166313622,0.37508173152919966,1.425218308145468
DTG-IW/PBDB-TF,1.0028273469855744,0.4423482753727992,1.3579517643018684
DTG-IW/PBDB-T,0.8694187448064596,0.6179433431004488,1.1823566965742187
DTG-IW/PDCBT-Cl,1.0174180039572378,0.6084465697179997,1.1918534699566679
DTG-IW/PTB7-Th,0.9021486597836907,0.6944889692460992,1.1058110704285684
EH-IDTBR/P3HT,1.5122663465502697,0.19970435488195015,1.4976895153818863
EH-IDTBR/PBDB-T-2Cl,0.7269480507441939,0.004789203768799766,1.7021830740326362
EH-IDTBR/PBDB-TF,0.7258625810984061,0.06247734007479977,1.6349165301890367
EH-IDTBR/PBDB-T,0.5924539789192913,0.23807240780244943,1.459321462461387
EH-IDTBR/PDCBT-Cl,0.7404532380700695,0.22857563442000028,1.4688182358438362
EH-IDTBR/PTB7-Th,0.6251838938965224,0.31461803394809973,1.3827758363157368
F-2F/P3HT,1.7600615295488455,0.75775543948735,1.2498943323833105
F-2F/PBDB-T-2Cl,0.9747432337427697,0.5532618808366001,1.4543878910340604
F-2F/PBDB-TF,0.9736577640969819,0.6205284246801996,1.3871213471904609
F-2F/PBDB-T,0.8402491619178671,0.7961234924078493,1.2115262794628112
F-2F/PDCBT-Cl,0.9882484210686453,0.7866267190254002,1.2210230528452604
F-2F/PTB7-Th,0.8729790768950982,0.8726691185534996,1.134980653317161
F-H/P3HT,1.6083077570487028,0.6011539185246004,1.4016481048834533
F-H/PBDB-T-2Cl,0.822989461242627,0.3966603598738505,1.6061416635342032
F-H/PBDB-TF,0.8219039915968391,0.46392690371745005,1.5388751196906036
F-H/PBDB-T,0.6884953894177244,0.6395219714450997,1.363280051962954
F-H/PDCBT-Cl,0.8364946485685025,0.6300251980626506,1.3727768253454031
F-H/PTB7-Th,0.7212253043949555,0.71606759759075,1.2867344258173037
FDICTF/P3HT,1.6204500145908556,0.5879291853903004,1.3895058473413004
FDICTF/PBDB-T-2Cl,0.8351317187847798,0.38343562673955045,1.5939994059920504
FDICTF/PBDB-TF,0.834046249138992,0.45070217058315,1.5267328621484508
FDICTF/PBDB-T,0.7006376469598772,0.6262972383107996,1.3511377944208012
FDICTF/PDCBT-Cl,0.8486369061106553,0.6168004649283505,1.3606345678032503
FDICTF/PTB7-Th,0.7333675619371083,0.70284286445645,1.2745921682751509
FO-2F/P3HT,1.79539574113087,0.7291018510297,1.214560120801286
FO-2F/PBDB-T-2Cl,1.0100774453247943,0.5246082923789501,1.4190536794520359
FO-2F/PBDB-TF,1.0089919756790064,0.5918748362225497,1.3517871356084363
FO-2F/PBDB-T,0.8755833734998917,0.7674699039501993,1.1761920678807867
FO-2F/PDCBT-Cl,1.0235826326506698,0.7579731305677502,1.1856888412632358
FO-2F/PTB7-Th,0.9083132884771228,0.8440155300958496,1.0996464417351364
H2/P3HT,1.7504374543446448,0.5107032746184004,1.2595184075875112
H2/PBDB-T-2Cl,0.965119158538569,0.30620971596765045,1.4640119662382611
H2/PBDB-TF,0.9640336888927812,0.37347625981125,1.3967454223946616
H2/PBDB-T,0.8306250867136664,0.5490713275388996,1.221150354667012
H2/PDCBT-Cl,0.9786243458644446,0.5395745541564505,1.230647128049461
H2/PTB7-Th,0.8633550016908975,0.62561695368455,1.1446047285213616
IDF-4F/P3HT,1.8922120116826098,0.7726672784947501,1.1177438502495463
IDF-4F/PBDB-T-2Cl,1.106893715876534,0.5681737198440002,1.3222374089002962
IDF-4F/PBDB-TF,1.1058082462307461,0.6354402636875998,1.2549708650566966
IDF-4F/PBDB-T,0.9723996440516314,0.8110353314152494,1.079375797329047
IDF-4F/PDCBT-Cl,1.1203989032024095,0.8015385580328003,1.0888725707114961
IDF-4F/PTB7-Th,1.0051295590288625,0.8875809575608997,1.0028301711833967
IDF-IC/P3HT,1.6441816895669805,0.613371830412051,1.3657741723651755
IDF-IC/PBDB-T-2Cl,0.8588633937609047,0.4088782717613011,1.5702677310159254
IDF-IC/PBDB-TF,0.8577779241151169,0.47614481560490063,1.503001187172326
IDF-IC/PBDB-T,0.7243693219360021,0.6517398833325503,1.3274061194446762
IDF-IC/PDCBT-Cl,0.8723685810867803,0.6422431099501011,1.3369028928271254
IDF-IC/PTB7-Th,0.7570992369132332,0.7282855094782006,1.250860493299026
IDIC/P3HT,1.7011555457328447,0.7926676465065006,1.3088003161993114
IDIC/PBDB-T-2Cl,0.9158372499267688,0.5881740878557506,1.5132938748500613
IDIC/PBDB-TF,0.914751780280981,0.6554406316993502,1.4460273310064617
IDIC/PBDB-T,0.7813431781018663,0.8310356994269998,1.270432263278812
IDIC/PDCBT-Cl,0.9293424372526444,0.8215389260445507,1.2799290366612612
IDIC/PTB7-Th,0.8140730930790974,0.9075813255726501,1.1938866371331618
IDST-4F/P3HT,1.8094659067118224,0.46292008247060057,1.2004899552203336
IDST-4F/PBDB-T-2Cl,1.0241476109057466,0.25842652381985065,1.4049835138710836
IDST-4F/PBDB-TF,1.0230621412599588,0.3256930676634502,1.337716970027484
IDST-4F/PBDB-T,0.889653539080844,0.5012881353910998,1.1621219022998344
IDST-4F/PDCBT-Cl,1.0376527982316222,0.4917913620086507,1.1716186756822835
IDST-4F/PTB7-Th,0.9223834540580751,0.5778337615367501,1.085576276154184
IDTCF/P3HT,1.9036666741262884,0.9155814727773501,1.1062891878058676
IDTCF/PBDB-T-2Cl,1.1183483783202126,0.7110879141266002,1.3107827464566175
IDTCF/PBDB-TF,1.1172629086744248,0.7783544579701998,1.243516202613018
IDTCF/PBDB-T,0.98385430649531,0.9539495256978494,1.0679211348853683
IDTCF/PDCBT-Cl,1.1318535656460882,0.9444527523154003,1.0774179082678175
IDTCF/PTB7-Th,1.0165842214725411,1.0304951518434997,0.991375508739718
IDTT-TBTA/P3HT,1.3812930471330782,0.5330982445145507,1.6286628147990778
IDTT-TBTA/PBDB-T-2Cl,0.5959747513270024,0.32860468586380076,1.8331563734498277
IDTT-TBTA/PBDB-TF,0.5948892816812146,0.3958712297074003,1.7658898296062282
IDTT-TBTA/PBDB-T,0.4614806795020998,0.57146629743505,1.5902947618785785
IDTT-TBTA/PDCBT-Cl,0.609479938652878,0.5619695240526008,1.5997915352610277
IDTT-TBTA/PTB7-Th,0.4942105944793309,0.6480119235807003,1.5137491357329282
IPTBO-4Cl/P3HT,1.7886220763476968,0.46177720429850044,1.2213337855844593
IPTBO-4Cl/PBDB-T-2Cl,1.003303780541621,0.2572836456477505,1.4258273442352092
IPTBO-4Cl/PBDB-TF,1.0022183108958331,0.32455018949135006,1.3585608003916096
IPTBO-4Cl/PBDB-T,0.8688097087167184,0.5001452572189997,1.18296573266396
IPTBO-4Cl/PDCBT-Cl,1.0168089678674965,0.4906484838365506,1.1924625060464091
IPTBO-4Cl/PTB7-Th,0.9015396236939495,0.57669088336465,1.1064201065183097
IT-4F/P3HT,1.7602990851443967,0.6499167205342005,1.2496567767877593
IT-4F/PBDB-T-2Cl,0.9749807893383209,0.44542316188345055,1.4541503354385092
IT-4F/PBDB-TF,0.9738953196925331,0.5126897057270501,1.3868837915949097
IT-4F/PBDB-T,0.8404867175134183,0.6882847734546997,1.21128872386726
IT-4F/PDCBT-Cl,0.9884859766641965,0.6787880000722506,1.2207854972497092
IT-4F/PTB7-Th,0.8732166324906494,0.76483039960035,1.1347430977216098
ITCC/P3HT,1.59969574370731,0.45576348820245016,1.410260118224846
ITCC/PBDB-T-2Cl,0.8143774479012342,0.25126992955170024,1.614753676875596
ITCC/PBDB-TF,0.8132919782554464,0.3185364733952998,1.5474871330319964
ITCC/PBDB-T,0.6798833760763316,0.49413154112294944,1.3718920653043467
ITCC/PDCBT-Cl,0.8278826352271098,0.4846347677405003,1.3813888386867959
ITCC/PTB7-Th,0.7126132910535627,0.5706771672685997,1.2953464391586964
ITIC-Th/P3HT,1.6861726876342966,0.4792197021155502,1.3237831742978594
ITIC-Th/PBDB-T-2Cl,0.9008543918282208,0.2747261434648003,1.5282767329486093
ITIC-Th/PBDB-TF,0.899768922182433,0.3419926873083998,1.4610101891050098
ITIC-Th/PBDB-T,0.7663603200033182,0.5175877550360495,1.2854151213773601
ITIC-Th/PDCBT-Cl,0.9143595791540964,0.5080909816536003,1.2949118947598093
ITIC-Th/PTB7-Th,0.7990902349805493,0.5941333811816998,1.2088694952317098
ITIC/P3HT,1.6635774794099185,0.4534505204731998,1.3463783825222375
ITIC/PBDB-T-2Cl,0.8782591836038427,0.24895696182244986,1.5508719411729874
ITIC/PBDB-TF,0.8771737139580549,0.3162235056660494,1.483605397329388
ITIC/PBDB-T,0.7437651117789401,0.49181857339369905,1.3080103296017382
ITIC/PDCBT-Cl,0.8917643709297183,0.4823218000112499,1.3175071029841874
ITIC/PTB7-Th,0.7764950267561712,0.5683641995393494,1.231464703456088
M34/P3HT,1.7850502038037113,0.5277103902746498,1.2249056581284448
M34/PBDB-T-2Cl,0.9997319079976354,0.3232168316238999,1.4293992167791947
M34/PBDB-TF,0.9986464383518476,0.39048337546749945,1.3621326729355951
M34/PBDB-T,0.8652378361727329,0.5660784431951491,1.1865376052079455
M34/PDCBT-Cl,1.013237095323511,0.5565816698127,1.1960343785903946
M34/PTB7-Th,0.897967751149964,0.6426240693407994,1.1099919790622952
M8/P3HT,1.712065017806117,0.5468944167349008,1.297890844126039
M8/PBDB-T-2Cl,0.9267467220000412,0.3424008580841509,1.502384402776789
M8/PBDB-TF,0.9256612523542533,0.4096674019277504,1.4351178589331894
M8/PBDB-T,0.7922526501751386,0.5852624696554001,1.2595227912055398
M8/PDCBT-Cl,0.9402519093259167,0.5757656962729509,1.269019564587989
M8/PTB7-Th,0.8249825651523697,0.6618080958010504,1.1829771650598895
N3/P3HT,1.8189976678853648,0.6478758666554505,1.1909581940467913
N3/PBDB-T-2Cl,1.033679372079289,0.4433823080047006,1.3954517526975412
N3/PBDB-TF,1.0325939024335011,0.5106488518483001,1.3281852088539416
N3/PBDB-T,0.8991853002543864,0.6862439195759498,1.152590141126292
N3/PDCBT-Cl,1.0471845594051645,0.6767471461935006,1.1620869145087411
N3/PTB7-Th,0.9319152152316175,0.7627895457216001,1.0760445149806417
N65-2FIC/P3HT,1.7784878062344447,0.5022405338678508,1.2314680556977113
N65-2FIC/PBDB-T-2Cl,0.9931695104283689,0.2977469752171009,1.4359616143484613
N65-2FIC/PBDB-TF,0.9920840407825811,0.36501351906070045,1.3686950705048617
N65-2FIC/PBDB-T,0.8586754386034663,0.5406085867883501,1.193100002777212
N65-2FIC/PDCBT-Cl,1.0066746977542445,0.531111813405901,1.2025967761596612
N65-2FIC/PTB7-Th,0.8914053535806974,0.6171542129340004,1.1165543766315618
N65-IC/P3HT,1.641352383739299,0.3744286582880001,1.368603478192857
N65-IC/PBDB-T-2Cl,0.8560340879332231,0.16993509963725018,1.573097036843607
N65-IC/PBDB-TF,0.8549486182874353,0.2372016434808497,1.5058304930000075
N65-IC/PBDB-T,0.7215400161083205,0.41279671120849937,1.3302354252723578
N65-IC/PDCBT-Cl,0.8695392752590987,0.4032999378260502,1.339732198654807
N65-IC/PTB7-Th,0.7542699310855516,0.48934233735414967,1.2536897991267075
NIBT/P3HT,1.4633437791521566,0.20125540382980045,1.5466120827799994
NIBT/PBDB-T-2Cl,0.6780254833460808,0.003238154820949468,1.7511056414307493
NIBT/PBDB-TF,0.676940013700293,0.06402838902265007,1.6838390975871498
NIBT/PBDB-T,0.5435314115211782,0.23962345675029972,1.5082440298595001
NIBT/PDCBT-Cl,0.6915306706719564,0.23012668336785058,1.5177408032419493
NIBT/PTB7-Th,0.5762613264984093,0.31616908289595,1.4316984037138498
NIDT/P3HT,1.3001120670419888,0.31042748065040016,1.7098437948901672
NIDT/PBDB-T-2Cl,0.514793771235913,0.10593392199965024,1.9143373535409172
NIDT/PBDB-TF,0.5137083015901251,0.17320046584324977,1.8470708096973176
NIDT/PBDB-T,0.3802996994110104,0.34879553357089943,1.671475741969668
NIDT/PDCBT-Cl,0.5282989585617885,0.3392987601884503,1.6809725153521171
NIDT/PTB7-Th,0.4130296143882415,0.42534115971654973,1.5949301158240177
NITV/P3HT,1.4430982579192233,0.5249892517696502,1.5668576040129327
NITV/PBDB-T-2Cl,0.6577799621131475,0.32049569311890025,1.7713511626636826
NITV/PBDB-TF,0.6566944924673597,0.3877622369624998,1.704084618820083
NITV/PBDB-T,0.5232858902882449,0.5633573046901494,1.5284895510924335
NITV/PDCBT-Cl,0.6712851494390231,0.5538605313077003,1.5379863244748826
NITV/PTB7-Th,0.556015805265476,0.6399029308357997,1.4519439249467831
O-IDTBR/P3HT,1.5005924628398417,0.18188089767420035,1.5093633990923143
O-IDTBR/PBDB-T-2Cl,0.7152741670337659,0.02261266097654957,1.7138569577430642
O-IDTBR/PBDB-TF,0.7141886973879781,0.044653882867049965,1.6465904138994647
O-IDTBR/PBDB-T,0.5807800952088633,0.22024895059469962,1.470995346171815
O-IDTBR/PDCBT-Cl,0.7287793543596415,0.21075217721225048,1.4804921195542642
O-IDTBR/PTB7-Th,0.6135100101860944,0.2967945767403499,1.3944497200261647
PC70BM/P3HT,1.8085728598890234,0.7965588745686505,1.2013830020431326
PC70BM/PBDB-T-2Cl,1.0232545640829476,0.5920653159179006,1.4058765606938826
PC70BM/PBDB-TF,1.0221690944371598,0.6593318597615001,1.338610016850283
PC70BM/PBDB-T,0.888760492258045,0.8349269274891498,1.1630149491226334
PC70BM/PDCBT-Cl,1.0367597514088231,0.8254301541067006,1.1725117225050825
PC70BM/PTB7-Th,0.9214904072352761,0.9114725536348001,1.086469322976983
PCBM/P3HT,1.9839632233836686,0.8615668734530999,1.0259926385484874
PCBM/PBDB-T-2Cl,1.1986449275775928,0.65707331480235,1.2304861971992374
PCBM/PBDB-TF,1.197559457931805,0.7243398586459495,1.1632196533556378
PCBM/PBDB-T,1.0641508557526902,0.8999349263735992,0.9876245856279882
PCBM/PDCBT-Cl,1.2121501149034684,0.89043815299115,0.9971213590104373
PCBM/PTB7-Th,1.0968807707299213,0.9764805525192495,0.9110789594823379
SNBDT1-F/P3HT,1.6822374695037303,0.3233800999342007,1.3277183924284257
SNBDT1-F/PBDB-T-2Cl,0.8969191736976545,0.11888654128345078,1.5322119510791756
SNBDT1-F/PBDB-TF,0.8958337040518667,0.1861530851270503,1.464945407235576
SNBDT1-F/PBDB-T,0.7624251018727519,0.36174815285469997,1.2893503395079264
SNBDT1-F/PDCBT-Cl,0.9104243610235301,0.3522513794722508,1.2988471128903756
SNBDT1-F/PTB7-Th,0.795155016849983,0.43829377900035027,1.2128047133622761
SeTIC/P3HT,1.678436688408277,0.41872879314940015,1.331519173523879
SeTIC/PBDB-T-2Cl,0.8931183926022013,0.21423523449865023,1.5360127321746289
SeTIC/PBDB-TF,0.8920329229564135,0.28150177834224976,1.4687461883310293
SeTIC/PBDB-T,0.7586243207772987,0.4570968460698994,1.2931511206033797
SeTIC/PDCBT-Cl,0.9066235799280769,0.4476000726874503,1.3026478939858288
SeTIC/PTB7-Th,0.7913542357545298,0.5336424722155497,1.2166054944577294
SeTIC4Cl/P3HT,1.7969838589782499,0.5914938768318505,1.2129720029539062
SeTIC4Cl/PBDB-T-2Cl,1.011665563172174,0.3870003181811006,1.417465561604656
SeTIC4Cl/PBDB-TF,1.0105800935263862,0.4542668620247001,1.3501990177610566
SeTIC4Cl/PBDB-T,0.8771714913472715,0.6298619297523498,1.174603950033407
SeTIC4Cl/PDCBT-Cl,1.0251707504980496,0.6203651563699006,1.184100723415856
SeTIC4Cl/PTB7-Th,0.9099014063245026,0.7064075558980001,1.0980583238877566
TPIC-4Cl/P3HT,1.7007107675894475,0.5364452448757007,1.3092450943427085
TPIC-4Cl/PBDB-T-2Cl,0.9153924717833717,0.33195168622495075,1.5137386529934584
TPIC-4Cl/PBDB-TF,0.9143070021375839,0.3992182300685503,1.446472109149859
TPIC-4Cl/PBDB-T,0.7808983999584691,0.5748132977961999,1.2708770414222093
TPIC-4Cl/PDCBT-Cl,0.9288976591092473,0.5653165244137508,1.2803738148046584
TPIC-4Cl/PTB7-Th,0.8136283149357002,0.6513589239418502,1.194331415276559
TPIC-4F/P3HT,1.684107849391046,0.5495611324698002,1.32584801254111
TPIC-4F/PBDB-T-2Cl,0.8987895535849701,0.3450675738190503,1.53034157119186
TPIC-4F/PBDB-TF,0.8977040839391823,0.4123341176626498,1.4630750273482604
TPIC-4F/PBDB-T,0.7642954817600676,0.5879291853902995,1.2874799596206108
TPIC-4F/PDCBT-Cl,0.9122947409108457,0.5784324120078503,1.29697673300306
TPIC-4F/PTB7-Th,0.7970253967372987,0.6644748115359498,1.2109343334749605
TPIC/P3HT,1.5876190725334078,0.35320377794900004,1.4223367893987482
TPIC/PBDB-T-2Cl,0.802300776727332,0.14871021929825012,1.626830348049498
TPIC/PBDB-TF,0.8012153070815442,0.21597676314184966,1.5595638042058986
TPIC/PBDB-T,0.6678067049024294,0.3915718308694993,1.383968736478249
TPIC/PDCBT-Cl,0.8158059640532076,0.3820750574870502,1.393465509860698
TPIC/PTB7-Th,0.7005366198796605,0.4681174570151496,1.3074231103325986
Y1-4F/P3HT,1.7332425688480204,0.5837930548627002,1.2767132930841356
Y1-4F/PBDB-T-2Cl,0.9479242730419446,0.37929949621195025,1.4812068517348855
Y1-4F/PBDB-TF,0.9468388033961568,0.4465660400555498,1.413940307891286
Y1-4F/PBDB-T,0.813430201217042,0.6221611077831994,1.2383452401636363
Y1-4F/PDCBT-Cl,0.9614294603678202,0.6126643344007503,1.2478420135460855
Y1-4F/PTB7-Th,0.8461601161942731,0.6987067339288497,1.161799614017986
Y1/P3HT,1.6931116316820174,0.3386184755621997,1.3168442302501386
Y1/PBDB-T-2Cl,0.9077933358759416,0.1341249169114498,1.5213377889008886
Y1/PBDB-TF,0.9067078662301538,0.20139146075504932,1.454071245057289
Y1/PBDB-T,0.773299264051039,0.376986528482699,1.2784761773296394
Y1/PDCBT-Cl,0.9212985232018172,0.36748975510024984,1.2879729507120885
Y1/PTB7-Th,0.8060291790282701,0.4535321546283493,1.201930551183989
Y11/P3HT,1.7029367474590722,0.532608439583651,1.3070191144730838
Y11/PBDB-T-2Cl,0.9176184516529964,0.3281148809329011,1.5115126731238337
Y11/PBDB-TF,0.9165329820072086,0.3953814247765006,1.4442461292802342
Y11/PBDB-T,0.7831243798280938,0.5709764925041503,1.2686510615525846
Y11/PDCBT-Cl,0.931123638978872,0.5614797191217011,1.2781478349350337
Y11/PTB7-Th,0.8158542948053249,0.6475221186498006,1.1921054354069343
Y14/P3HT,1.5999421050109506,0.42319146029760013,1.4100137569212055
Y14/PBDB-T-2Cl,0.8146238092048748,0.2186979016468502,1.6145073155719554
Y14/PBDB-TF,0.8135383395590869,0.28596444549044975,1.5472407717283558
Y14/PBDB-T,0.6801297373799722,0.4615595132180994,1.3716457040007062
Y14/PDCBT-Cl,0.8281289965307503,0.45206273983565026,1.3811424773831553
Y14/PTB7-Th,0.7128596523572033,0.5381051393637497,1.2951000778550559
Y15/P3HT,1.714959401133901,0.5258600160912508,1.294996460798255
Y15/PBDB-T-2Cl,0.9296411053278253,0.32136645744050085,1.4994900194490048
Y15/PBDB-TF,0.9285556356820375,0.3886330012841004,1.4322234756054053
Y15/PBDB-T,0.7951470335029227,0.56422806901175,1.2566284078777556
Y15/PDCBT-Cl,0.9431462926537009,0.5547312956293009,1.2661251812602048
Y15/PTB7-Th,0.8278769484801538,0.6407736951574003,1.1800827817321053
Y16/P3HT,1.5527902190079508,0.4018033116483002,1.4571656429242053
Y16/PBDB-T-2Cl,0.767471923201875,0.19730975299755027,1.6616592015749552
Y16/PBDB-TF,0.7663864535560871,0.2645762968411498,1.5943926577313556
Y16/PBDB-T,0.6329778513769724,0.44017136456879946,1.418797590003706
Y16/PDCBT-Cl,0.7809771105277505,0.4306745911863503,1.4282943633861551
Y16/PTB7-Th,0.6657077663542035,0.5167169907144498,1.3422519638580557
Y2/P3HT,1.6191270059443723,0.43889242947145046,1.3908288559877837
Y2/PBDB-T-2Cl,0.8338087101382965,0.23439887082070054,1.5953224146385336
Y2/PBDB-TF,0.8327232404925087,0.3016654146643001,1.528055870794934
Y2/PBDB-T,0.6993146383133939,0.47726048239194974,1.3524608030672844
Y2/PDCBT-Cl,0.8473138974641721,0.4677637090095006,1.3619575764497336
Y2/PTB7-Th,0.732044553290625,0.5538061085376,1.2759151769216341
Y5/P3HT,1.637624762939418,0.4183478337587001,1.372331098992738
Y5/PBDB-T-2Cl,0.8523064671333422,0.2138542751079502,1.576824657643488
Y5/PBDB-TF,0.8512209974875544,0.2811208189515497,1.5095581137998884
Y5/PBDB-T,0.7178123953084397,0.4567158866791994,1.3339630460722387
Y5/PDCBT-Cl,0.8658116544592178,0.44721911329675024,1.3434598194546878
Y5/PTB7-Th,0.7505423102856708,0.5332615128248497,1.2574174199265884
Y6/P3HT,1.7847522385247498,0.6369641012503999,1.2252036234074062
Y6/PBDB-T-2Cl,0.999433942718674,0.43247054259965,1.429697182058156
Y6/PBDB-TF,0.9983484730728862,0.49973708644324955,1.3624306382145566
Y6/PBDB-T,0.8649398708937714,0.6753321541708992,1.186835570486907
Y6/PDCBT-Cl,1.0129391300445496,0.6658353807884501,1.196332343869356
Y6/PTB7-Th,0.8976697858710025,0.7518777803165495,1.1102899443412566
ZY-4Cl/P3HT,1.3246853932538007,0.3998440919246997,1.6852704686783553
ZY-4Cl/PBDB-T-2Cl,0.5393670974477249,0.1953505332739498,1.8897640273291052
ZY-4Cl/PBDB-TF,0.5382816278019371,0.26261707711754934,1.8224974834855057
ZY-4Cl/PBDB-T,0.40487302562282235,0.438212144845199,1.646902415757856
ZY-4Cl/PDCBT-Cl,0.5528722847736005,0.42871537146274985,1.6563991891403052
ZY-4Cl/PTB7-Th,0.43760294060005345,0.5147577709908493,1.5703567896122057
i-cc23/P3HT,1.6460580661725852,0.15864237484150046,1.3638977957595708
i-cc23/PBDB-T-2Cl,0.8607397703665094,0.04585118380924946,1.5683913544103207
i-cc23/PBDB-TF,0.8596543007207216,0.021415360034350073,1.5011248105667212
i-cc23/PBDB-T,0.7262456985416068,0.19701042776199973,1.3255297428390715
i-cc23/PDCBT-Cl,0.874244957692385,0.1875136543795506,1.3350265162215207
i-cc23/PTB7-Th,0.7589756135188379,0.27355605390765003,1.2489841166934212
i-cc34/P3HT,1.8309264187547503,0.22231701585849972,1.1790294431774058
i-cc34/PBDB-T-2Cl,1.0456081229486744,0.017823457207749804,1.3835230018281557
i-cc34/PBDB-TF,1.0445226533028866,0.08509000105134934,1.3162564579845561
i-cc34/PBDB-T,0.9111140511237719,0.260685068778999,1.1406613902569065
i-cc34/PDCBT-Cl,1.05911331027455,0.25118829539654985,1.1501581636393556
i-cc34/PTB7-Th,0.943843966101003,0.3372306949246493,1.0641157641112562
o-IO1/P3HT,1.7484168009782697,0.34332604517584997,1.2615390609538863
o-IO1/PBDB-T-2Cl,0.9630985051721939,0.13883248652510005,1.4660326196046363
o-IO1/PBDB-TF,0.962013035526406,0.2060990303686996,1.3987660757610367
o-IO1/PBDB-T,0.8286044333472913,0.38169409809634924,1.223171008033387
o-IO1/PDCBT-Cl,0.9766036924980694,0.3721973247139001,1.2326677814158362
o-IO1/PTB7-Th,0.8613343483245224,0.45823972424199955,1.1466253818877368
o-IO2/P3HT,1.6471562251405762,0.2626714998876505,1.3627996367915798
o-IO2/PBDB-T-2Cl,0.8618379293345004,0.058177941236900566,1.5672931954423297
o-IO2/PBDB-TF,0.8607524596887126,0.1254444850805001,1.5000266515987302
o-IO2/PBDB-T,0.7273438575095978,0.30103955280814976,1.3244315838710805
o-IO2/PDCBT-Cl,0.875343116660376,0.2915427794257006,1.3339283572535297
o-IO2/PTB7-Th,0.760073772486829,0.37758517895380006,1.2478859577254302
p-IO1/P3HT,1.704841740101418,0.29029105571339997,1.305114121830738
p-IO1/PBDB-T-2Cl,0.9195234442953422,0.08579749706265005,1.509607680481488
p-IO1/PBDB-TF,0.9184379746495543,0.1530640409062496,1.4423411366378884
p-IO1/PBDB-T,0.7850293724704396,0.32865910863389924,1.2667460689102388
p-IO1/PDCBT-Cl,0.9330286316212177,0.3191623352514501,1.276242842292688
p-IO1/PTB7-Th,0.8177592874476707,0.40520473477954955,1.1902004427645885
p-IO2/P3HT,1.62809586437537,0.2675151264265505,1.381859997556786
p-IO2/PBDB-T-2Cl,0.8427775685692942,0.06302156777580059,1.586353556207536
p-IO2/PBDB-TF,0.8416920989235064,0.13028811161940013,1.5190870123639364
p-IO2/PBDB-T,0.7082834967443916,0.3058831793470498,1.3434919446362867
p-IO2/PDCBT-Cl,0.8562827558951698,0.29638640596460064,1.3529887180187359
p-IO2/PTB7-Th,0.7410134117216227,0.3824288054927001,1.2669463184906364
