,sTDDFTLUMO,sTDDFTHOMO,sTDDFTdeltaLUMO,sTDDFTdeltaHOMO,sTDDFToptbg,sTDDFToscs,sTDDFTfundbg,sTDDFTsinglepointenergy,sTDDFTdipolemoment,sTDDFTsummedoscs,sTDDFTabsFOM,sTDDFTScharberVoc,sTDDFTScharberJscDon,sTDDFTScharberJscAcc,sTDDFTScharberJscTot,sTDDFTScharberPCETot,sTDDFTScharberPCEAcc,sTDDFTScharberPCEDon,donsTDDFTLUMO,donsTDDFTHOMO,donsTDDFTdeltaLUMO,donsTDDFTdeltaHOMO,donsTDDFToptbg,donsTDDFToscs,donsTDDFTfundbg,donsTDDFTsinglepointenergy,donsTDDFTdipolemoment,donsTDDFTsummedoscs,donsTDDFTabsFOM,sTDDFTDHomoALumoOffset,sTDDFTaccElectrophilicity,sTDDFTAccChemHard,sTDDFTAccElectrodonating,sTDDFTAccElectroaccepting,sTDDFTDonChemHard,sTDDFTDonElectrodonating,sTDDFTDonElectroaccepting,sTDDFTdonElectrophilicity,sTDDFTHOMOoffset,sTDDFTLUMOoffset,Planarity,PiSystemSize,sTDDFTdonlowestengtranseV,sTDDFTdonlowestengtranswavenumber,sTDDFTdonfirstengtranseV,sTDDFTdonfirstengtranswavenumber,sTDDFTdonfirstoscs,sTDDFTacclowestengtranseV,sTDDFTacclowestengtranswavenumber,sTDDFTaccfirstengtranseV,sTDDFTaccfirstengtranswavenumber,sTDDFTaccfirstoscs,sTDDFTacchighestoscsunderten,sTDDFTdonhighestoscsunderten,ScharberFF,ExperimentalFF,ExperimentalVoc,ExperimentalJsc,ExperimentalPCE
7,-2.71,-6.69,0.25,0.8699999999999992,2.1342987502479667,2.455137959,3.98,-4650.898343541586,4.60652,6.4796913410000005,19.02107587693138,3.03,5.989790486935695,7.682828798895219,13.672619285830914,26.92822368344399,15.131331319424136,11.796892364019852,-1.99,-6.04,0.1899999999999999,0.2599999999999998,2.2861659392977582,0.548377181,4.05,-15717.647341304437,1.22344,13.040835350999998,48.55193625232204,3.33,5.550251256281407,3.98,8.149001256281407,3.4490012562814067,4.05,6.240927469135802,2.225927469135802,3.980302469135802,0.6500000000000004,0.72,0.8408029419455445,60,2.6317358579999994,21227.1,2.2861044139999995,18439.3,0.059964056,2.134241312,17214.4,2.134241312,17214.4,2.455137959,2.455137959,2.257052621,0.65,76.25,0.86,25.38,16.64
29,-2.75,-6.62,0.29,0.7199999999999998,2.0057652251537395,1.435128519,3.87,-4729.439885361892,7.13958,6.567337084,25.69577315254948,2.99,5.989790486935695,9.436601433213225,15.42639192014892,29.981192696809423,18.340034885449903,11.641157811359523,-1.99,-6.04,0.1899999999999999,0.2599999999999998,2.2861659392977582,0.548377181,4.05,-15717.647341304437,1.22344,13.040835350999998,48.55193625232204,3.29,5.6716343669250655,3.87,8.256009366925063,3.571009366925065,4.05,6.240927469135802,2.225927469135802,3.980302469135802,0.5800000000000001,0.76,0.8767608610955374,60,2.6317358579999994,21227.1,2.2861044139999995,18439.3,0.059964056,2.005711246,16177.7,2.005711246,16177.7,1.435128519,1.435128519,2.257052621,0.65,67.14,0.89,22.18,13.31
50,-2.83,-6.57,0.3399999999999998,0.5999999999999996,1.9172907161277524,2.924657924,3.74,-6842.787238424146,6.74253,6.490283652,17.02662989645578,2.72,6.967194681231387,10.76584699641936,17.733041677650746,31.35201768608652,19.034017489669427,12.31800019641709,-1.83,-5.85,0.1600000000000001,0.29,2.1962656219004164,0.241128707,4.02,-15122.809191764589,2.34005,12.751957815,44.74731995091807,3.02,5.906417112299466,3.74,8.490167112299464,3.790167112299465,4.02,5.839309701492535,1.9993097014925372,3.668059701492538,0.7200000000000006,1.0,1.0362347854898366,63,2.625226908,21174.6,2.196206516,17714.2,0.241128707,1.917239118,15464.1,1.917239118,15464.1,2.924657924,2.924657924,2.659886367,0.65,67.0,0.76,23.77,12.1
72,-2.77,-6.55,0.2799999999999998,0.5700000000000003,1.921059809561595,2.647327116,3.78,-5401.462832606189,5.67826,6.05444649,16.2638358456644,2.78,6.967194681231387,10.717996332988276,17.68519101421966,31.957140162694927,19.36741937370981,12.589720788985115,-1.83,-5.85,0.1600000000000001,0.29,2.1962656219004164,0.241128707,4.02,-15122.809191764589,2.34005,12.751957815,44.74731995091807,3.08,5.744867724867726,3.78,8.311117724867724,3.6511177248677247,4.02,5.839309701492535,1.9993097014925372,3.668059701492538,0.7000000000000002,0.94,1.2322640717178746,63,2.625226908,21174.6,2.196206516,17714.2,0.241128707,1.92100811,15494.5,1.92100811,15494.5,2.647327116,2.647327116,2.659886367,0.65,66.0,0.8,18.28,9.65
95,-2.71,-6.66,0.29,0.6699999999999999,2.133678833564769,2.380897304,3.95,-4929.722801245515,4.68943,6.3002412,19.888847065359656,3.03,5.989790486935695,7.729181144578173,13.718971631513869,27.019514628266563,15.222622264246713,11.796892364019852,-1.99,-6.04,0.1899999999999999,0.2599999999999998,2.2861659392977582,0.548377181,4.05,-15717.647341304437,1.22344,13.040835350999998,48.55193625232204,3.33,5.556765822784811,3.95,8.146140822784812,3.461140822784809,4.05,6.240927469135802,2.225927469135802,3.980302469135802,0.6200000000000001,0.72,1.19913841482594,58,2.6317358579999994,21227.1,2.2861044139999995,18439.3,0.059964056,2.133621412,17209.4,2.133621412,17209.4,2.380897304,2.380897304,2.257052621,0.65,61.46,0.93,20.2,11.54
117,-2.65,-6.47,0.3599999999999999,0.79,2.027611089069629,2.061160282,3.82,-5174.652680703601,4.67034,5.894005765999999,23.247393752264525,3.0900000000000003,5.989790486935695,9.109474350185367,15.099264837121062,30.326873425357658,18.296379232347316,12.030494193010345,-1.99,-6.04,0.1899999999999999,0.2599999999999998,2.2861659392977582,0.548377181,4.05,-15717.647341304437,1.22344,13.040835350999998,48.55193625232204,3.39,5.443350785340314,3.82,7.962100785340313,3.402100785340313,4.05,6.240927469135802,2.225927469135802,3.980302469135802,0.4299999999999997,0.6599999999999999,1.4875424282691874,56,2.6317358579999994,21227.1,2.2861044139999995,18439.3,0.059964056,2.027556522,16353.9,2.027556522,16353.9,2.061160282,2.061160282,2.257052621,0.65,45.11,0.95,8.2,3.53
139,-2.77,-6.69,0.2299999999999999,0.92,2.073931263638167,2.281705448,3.92,-6648.487380374416,4.49813,6.382662754000001,20.465044180510297,2.97,5.989790486935695,8.45563492125462,14.445425408190314,27.886893750511405,16.32360321548204,11.56329053502936,-1.99,-6.04,0.1899999999999999,0.2599999999999998,2.2861659392977582,0.548377181,4.05,-15717.647341304437,1.22344,13.040835350999998,48.55193625232204,3.27,5.7073724489795925,3.92,8.317372448979592,3.5873724489795915,4.05,6.240927469135802,2.225927469135802,3.980302469135802,0.6500000000000004,0.78,1.241374917872134,59,2.6317358579999994,21227.1,2.2861044139999995,18439.3,0.059964056,2.07387545,16727.5,2.07387545,16727.5,2.281705448,2.281705448,2.257052621,0.65,72.65,0.88,24.43,14.9
157,-2.34,-6.45,0.1999999999999997,0.7299999999999995,2.3208812735568336,2.393149791,4.11,-5245.062704748605,11.36472,5.154871577,19.6276985531234,2.91,2.703295592027475,5.644337521426735,8.34763311345421,15.78954803409864,10.67626442177867,5.113283612319969,-0.97,-5.55,0.76,0.79,2.686260166633604,2.364060892,4.58,-3859.844937179237,0.15653,2.785353023,12.01610690118826,3.21,4.699762773722626,4.11,7.154137773722628,2.7591377737226277,4.58,4.2366866812227055,0.9766866812227076,2.320436681222707,0.9000000000000004,1.37,2.568234745749291,58,2.686187874,21666.3,2.686187874,21666.3,2.364060892,2.320818814,18719.3,2.320818814,18719.3,2.393149791,2.393149791,2.364060892,0.65,65.0,0.9,9.64,5.64
179,-2.32,-6.38,0.1999999999999997,0.75,2.281504165840111,2.074234469,4.0600000000000005,-5545.574682560535,13.90275,5.178403403999999,22.228200808048744,2.93,2.703295592027475,6.034024576999637,8.737320169027111,16.640226261912133,11.491799806895813,5.148426455016327,-0.97,-5.55,0.76,0.79,2.686260166633604,2.364060892,4.58,-3859.844937179237,0.15653,2.785353023,12.01610690118826,3.23,4.660714285714284,4.0600000000000005,7.0894642857142856,2.739464285714285,4.58,4.2366866812227055,0.9766866812227076,2.320436681222707,0.8300000000000001,1.35,2.770906837872791,58,2.686187874,21666.3,2.686187874,21666.3,2.364060892,2.281442766,18401.7,2.281442766,18401.7,2.074234469,2.074234469,2.364060892,0.65,68.0,0.89,10.84,6.56
201,-2.43,-6.4,0.2099999999999999,0.7699999999999996,2.2096558222574885,2.59014987,3.97,-5395.360571675223,15.61278,5.091131206,17.613597869283524,2.82,2.703295592027475,6.832665397776074,9.535960989803549,17.479416494309906,12.524275674123544,4.955140820186362,-0.97,-5.55,0.76,0.79,2.686260166633604,2.364060892,4.58,-3859.844937179237,0.15653,2.785353023,12.01610690118826,3.12,4.909880352644836,3.97,7.365505352644837,2.9505053526448366,4.58,4.2366866812227055,0.9766866812227076,2.320436681222707,0.8500000000000005,1.4600000000000002,1.431848799127735,60,2.686187874,21666.3,2.686187874,21666.3,2.364060892,2.209596356,17822.2,2.209596356,17822.2,2.59014987,2.59014987,2.364060892,0.65,62.0,0.88,11.57,6.31
224,-2.87,-6.73,0.33,0.5399999999999991,2.0148780003967466,2.628156819,3.86,-7163.609837101599,11.314,6.787087049,21.50494231551519,2.97,5.517483362398773,9.296379238008514,14.813862600407289,28.598161750086263,17.946660118975437,10.651501631110827,-1.96,-6.14,0.1299999999999999,0.1100000000000003,2.331395060503868,0.283931444,4.18,-17879.61802018557,2.20141,12.985482327,50.14623799112652,3.27,5.968911917098446,3.86,8.610161917098447,3.810161917098445,4.18,6.2102930622009564,2.160293062200957,3.924043062200957,0.5900000000000007,0.91,1.6732624108251464,61,2.5710724439999995,20737.8,2.3313323179999994,18804.1,0.283931444,2.014823776,16251.2,2.014823776,16251.2,2.628156819,2.628156819,1.818247616,0.65,66.0,0.75,21.0,10.5
226,-2.87,-6.73,0.33,0.5399999999999991,2.0148780003967466,2.628156819,3.86,-7163.609837101599,11.314,6.787087049,21.50494231551519,2.68,6.967194681231387,9.296379238008514,16.263573919239903,28.33114576731591,16.194292632610832,12.136853134705076,-1.83,-5.85,0.1600000000000001,0.29,2.1962656219004164,0.241128707,4.02,-15122.809191764589,2.34005,12.751957815,44.74731995091807,2.9799999999999995,5.968911917098446,3.86,8.610161917098447,3.810161917098445,4.02,5.839309701492535,1.9993097014925372,3.668059701492538,0.8800000000000008,1.04,1.6732624108251464,61,2.625226908,21174.6,2.196206516,17714.2,0.241128707,2.014823776,16251.2,2.014823776,16251.2,2.628156819,2.628156819,2.659886367,0.65,69.0,0.63,23.2,10.2
246,-2.71,-6.5,0.3599999999999999,0.5700000000000003,1.9286971830985915,2.41458012,3.79,-5325.726303404575,4.40763,5.997009449,18.141261195449893,3.13,5.517483362398773,10.571468287039032,16.088951649437803,32.73297213078121,21.507652229980916,11.225319900800304,-1.96,-6.14,0.1299999999999999,0.1100000000000003,2.331395060503868,0.283931444,4.18,-17879.61802018557,2.20141,12.985482327,50.14623799112652,3.43,5.595257255936676,3.79,8.134632255936676,3.529632255936675,4.18,6.2102930622009564,2.160293062200957,3.924043062200957,0.3600000000000003,0.75,1.9569550343782909,61,2.5710724439999995,20737.8,2.3313323179999994,18804.1,0.283931444,1.928645278,15556.1,1.928645278,15556.1,2.41458012,2.41458012,1.818247616,0.65,62.0,0.83,5.4,2.8
248,-2.71,-6.5,0.3599999999999999,0.5700000000000003,1.9286971830985915,2.41458012,3.79,-5325.726303404575,4.40763,5.997009449,18.141261195449893,2.84,6.967194681231387,10.571468287039032,17.53866296827042,32.37637183942719,19.51493045787405,12.86144138155314,-1.83,-5.85,0.1600000000000001,0.29,2.1962656219004164,0.241128707,4.02,-15122.809191764589,2.34005,12.751957815,44.74731995091807,3.14,5.595257255936676,3.79,8.134632255936676,3.529632255936675,4.02,5.839309701492535,1.9993097014925372,3.668059701492538,0.6500000000000004,0.8799999999999999,1.9569550343782909,61,2.625226908,21174.6,2.196206516,17714.2,0.241128707,1.928645278,15556.1,1.928645278,15556.1,2.41458012,2.41458012,2.659886367,0.65,63.0,0.79,18.6,9.3
267,-2.39,-6.67,0.8500000000000001,0.6799999999999997,2.328010315413608,1.5024726,4.279999999999999,-4306.140697240976,4.62173,3.2191747950000003,15.026828874752958,2.86,2.703295592027475,5.559752833962308,8.263048425989783,15.361007023915008,10.33558051833593,5.025426505579076,-0.97,-5.55,0.76,0.79,2.686260166633604,2.364060892,4.58,-3859.844937179237,0.15653,2.785353023,12.01610690118826,3.16,4.794602803738319,4.279999999999999,7.327102803738318,2.7971028037383183,4.58,4.2366866812227055,0.9766866812227076,2.320436681222707,1.12,1.4200000000000002,0.4413873443432971,35,2.686187874,21666.3,2.686187874,21666.3,2.364060892,2.327947664,18776.8,2.327947664,18776.8,1.5024726,1.5024726,2.364060892,0.65,67.0,0.81,9.42,5.09
282,-2.39,-6.67,0.8500000000000001,0.6799999999999997,2.328010315413608,1.5024726,4.279999999999999,-4306.140697240976,4.62173,3.2191747950000003,15.026828874752958,3.26,7.277138842750522,5.559752833962308,12.83689167671283,27.20137346295449,11.781116255166133,15.420257207788358,-2.05,-5.95,0.4199999999999999,0.3099999999999996,2.168530549494148,2.691697691,3.9,-11533.103933002296,13.02707,8.566758652999999,24.18064733284576,3.56,4.794602803738319,4.279999999999999,7.327102803738318,2.7971028037383183,3.9,6.346314102564103,2.346314102564102,4.102564102564102,0.7199999999999998,0.3400000000000003,0.4413873443432971,35,2.16847219,17490.5,2.16847219,17490.5,2.691697691,2.327947664,18776.8,2.327947664,18776.8,1.5024726,1.5024726,2.691697691,0.65,57.0,1.06,13.52,8.19
293,-2.74,-6.64,0.3500000000000001,0.9800000000000004,2.05127950803412,2.121377948,3.9,-3997.601865334547,6.40241,5.488901478,16.835962861991657,3.0,5.989790486935695,8.779289146406708,14.769079633342402,28.799705285017687,17.11961383549308,11.680091449524603,-1.99,-6.04,0.1899999999999999,0.2599999999999998,2.2861659392977582,0.548377181,4.05,-15717.647341304437,1.22344,13.040835350999998,48.55193625232204,3.3,5.64002564102564,3.9,8.22877564102564,3.538775641025641,4.05,6.240927469135802,2.225927469135802,3.980302469135802,0.5999999999999996,0.7500000000000002,0.8658924482311195,56,2.6317358579999994,21227.1,2.2861044139999995,18439.3,0.059964056,2.051224304,16544.8,2.051224304,16544.8,2.121377948,2.121377948,2.257052621,0.65,77.3,0.816,25.05,15.82
315,-2.85,-6.75,0.31,0.91,2.077886332076969,2.289698648,3.9,-6412.965241028885,0.80036,6.621398717,23.463975426404986,2.89,5.989790486935695,8.409595891909474,14.399386378845168,27.04924731266065,15.797425882951948,11.251821429708704,-1.99,-6.04,0.1899999999999999,0.2599999999999998,2.2861659392977582,0.548377181,4.05,-15717.647341304437,1.22344,13.040835350999998,48.55193625232204,3.19,5.907692307692308,3.9,8.551442307692309,3.751442307692309,4.05,6.240927469135802,2.225927469135802,3.980302469135802,0.71,0.8600000000000001,0.4901103381160167,59,2.6317358579999994,21227.1,2.2861044139999995,18439.3,0.059964056,2.077830412,16759.4,2.077830412,16759.4,2.289698648,2.289698648,2.257052621,0.65,76.0,0.85,25.5,16.5
337,-2.71,-6.62,0.31,0.8799999999999999,2.0631447133505256,1.639673913,3.91,-5707.948238177581,7.52913,6.6720649320000005,26.65495416562512,3.03,5.989790486935695,8.639401943084223,14.629192430019918,28.81219449092423,17.01530212690438,11.796892364019852,-1.99,-6.04,0.1899999999999999,0.2599999999999998,2.2861659392977582,0.548377181,4.05,-15717.647341304437,1.22344,13.040835350999998,48.55193625232204,3.33,5.565786445012788,3.91,8.142661445012788,3.4776614450127874,4.05,6.240927469135802,2.225927469135802,3.980302469135802,0.5800000000000001,0.72,2.3032924595828,71,2.6317358579999994,21227.1,2.2861044139999995,18439.3,0.059964056,2.06308919,16640.5,2.06308919,16640.5,1.639673913,1.639673913,2.257052621,0.65,77.0,0.865,25.0,16.7
359,-2.8,-6.76,0.3099999999999996,0.8700000000000001,2.0775143820670503,1.88119791,3.96,-6304.440035123967,7.49848,5.650199399999998,20.46064937424135,2.9400000000000004,5.989790486935695,8.409595891909474,14.399386378845168,27.51722736997312,16.070737749439008,11.446489620534114,-1.99,-6.04,0.1899999999999999,0.2599999999999998,2.2861659392977582,0.548377181,4.05,-15717.647341304437,1.22344,13.040835350999998,48.55193625232204,3.24,5.769797979797978,3.96,8.407297979797981,3.627297979797979,4.05,6.240927469135802,2.225927469135802,3.980302469135802,0.7199999999999998,0.8099999999999998,1.3590306267460008,56,2.6317358579999994,21227.1,2.2861044139999995,18439.3,0.059964056,2.077458472,16756.4,2.077458472,16756.4,1.88119791,1.88119791,2.257052621,0.65,75.4,0.811,22.52,13.79
380,-2.59,-6.55,0.1799999999999997,0.9699999999999998,2.1260662566951,2.204410132,3.96,-10670.19547075848,8.07442,6.791284734,21.33882268298585,2.96,6.967194681231387,7.823512322242733,14.79070700347412,28.457320274684207,15.052437707995018,13.404882566689189,-1.83,-5.85,0.1600000000000001,0.29,2.1962656219004164,0.241128707,4.02,-15122.809191764589,2.34005,12.751957815,44.74731995091807,3.26,5.273964646464647,3.96,7.806464646464645,3.2364646464646465,4.02,5.839309701492535,1.9993097014925372,3.668059701492538,0.7000000000000002,0.7599999999999998,1.2426860079418665,65,2.625226908,21174.6,2.196206516,17714.2,0.241128707,2.12600904,17148.0,2.12600904,17148.0,2.204410132,2.204410132,2.659886367,0.65,71.0,0.86,24.71,15.22
402,-2.56,-6.54,0.2099999999999999,0.9500000000000002,2.1388613370363023,2.344992327,3.98,-5523.466007500807,7.61001,6.809155565,20.806280005124936,2.99,6.967194681231387,7.637012876408442,14.604207557639828,28.383277388273005,14.842534525299808,13.5407428629732,-1.83,-5.85,0.1600000000000001,0.29,2.1962656219004164,0.241128707,4.02,-15122.809191764589,2.34005,12.751957815,44.74731995091807,3.29,5.201633165829145,3.98,7.725383165829146,3.175383165829145,4.02,5.839309701492535,1.9993097014925372,3.668059701492538,0.6900000000000004,0.73,1.2240959663216644,65,2.625226908,21174.6,2.196206516,17714.2,0.241128707,2.138803776,17251.2,2.138803776,17251.2,2.344992327,2.344992327,2.659886367,0.65,73.0,0.89,22.25,14.51
425,-2.77,-6.68,0.2400000000000002,0.9400000000000004,2.0788038087681016,2.29229075,3.91,-8978.223582072082,2.60258,6.233342445999999,19.41082165791824,2.97,5.989790486935695,8.409595891909474,14.399386378845168,27.7980154043606,16.23472486933124,11.56329053502936,-1.99,-6.04,0.1899999999999999,0.2599999999999998,2.2861659392977582,0.548377181,4.05,-15717.647341304437,1.22344,13.040835350999998,48.55193625232204,3.27,5.70987851662404,3.91,8.31675351662404,3.591753516624041,4.05,6.240927469135802,2.225927469135802,3.980302469135802,0.6399999999999997,0.78,1.5429666768627524,59,2.6317358579999994,21227.1,2.2861044139999995,18439.3,0.059964056,2.078747864,16766.8,2.078747864,16766.8,2.29229075,2.29229075,2.257052621,0.65,75.61,0.822,27.48,17.08
446,-2.89,-6.64,0.3999999999999999,0.92,1.8946637571910332,2.025705507,3.75,-5798.485012735726,7.21986,5.400900098,20.56165253947636,2.66,6.967194681231387,11.146872107054344,18.114066788285733,31.31922147694603,19.27294187309696,12.046279603849069,-1.83,-5.85,0.1600000000000001,0.29,2.1962656219004164,0.241128707,4.02,-15122.809191764589,2.34005,12.751957815,44.74731995091807,2.9599999999999995,6.054726666666667,3.75,8.671601666666666,3.9066016666666665,4.02,5.839309701492535,1.9993097014925372,3.668059701492538,0.79,1.06,1.061169743971015,52,2.625226908,21174.6,2.196206516,17714.2,0.241128707,1.894612768,15281.6,1.894612768,15281.6,2.025705507,2.025705507,2.659886367,0.65,66.8,0.65,21.3,9.28
468,-2.89,-6.7,0.4399999999999999,0.8799999999999999,1.9960449315611977,2.935595252,3.81,-4357.187157745203,4.42143,5.625751201000001,13.094550271565687,2.66,6.967194681231387,9.57986996379594,16.547064645027326,28.609874771252247,16.56359516740318,12.046279603849069,-1.83,-5.85,0.1600000000000001,0.29,2.1962656219004164,0.241128707,4.02,-15122.809191764589,2.34005,12.751957815,44.74731995091807,2.9599999999999995,6.034652230971128,3.81,8.670277230971129,3.875277230971129,4.02,5.839309701492535,1.9993097014925372,3.668059701492538,0.8500000000000005,1.06,0.9716755004274242,52,2.625226908,21174.6,2.196206516,17714.2,0.241128707,1.995991214,16099.3,1.995991214,16099.3,2.935595252,2.935595252,2.659886367,0.65,69.6,0.68,20.1,9.47
502,-2.65,-6.75,0.1599999999999997,0.8799999999999999,2.205155227137473,1.523630691,4.1,-6986.081113082906,7.84882,5.622715674,19.535456899272145,3.0000000000000004,7.277138842750522,6.877276593556642,14.154415436307165,27.601110100798973,13.410689357435452,14.19042074336352,-2.05,-5.95,0.4199999999999999,0.3099999999999996,2.168530549494148,2.691697691,3.9,-11533.103933002296,13.02707,8.566758652999999,24.18064733284576,3.3000000000000003,5.387804878048782,4.1,7.994054878048781,3.2940548780487804,3.9,6.346314102564103,2.346314102564102,4.102564102564102,0.7999999999999998,0.6000000000000001,1.6904670029802522,52,2.16847219,17490.5,2.16847219,17490.5,2.691697691,2.205095882,17785.9,2.205095882,17785.9,1.523630691,1.523630691,2.691697691,0.65,66.0,0.72,19.2,9.16
509,-2.48,-6.37,0.2099999999999999,0.6699999999999999,2.077055643721484,2.143134304,3.89,-6141.964149374202,3.90939,4.469604515,17.91275396318197,2.77,2.703295592027475,8.409595891909474,11.112891483936949,20.00876111682848,15.141477403383009,4.8672837134454685,-0.97,-5.55,0.76,0.79,2.686260166633604,2.364060892,4.58,-3859.844937179237,0.15653,2.785353023,12.01610690118826,3.07,5.033579691516708,3.89,7.48920469151671,3.0642046915167085,4.58,4.2366866812227055,0.9766866812227076,2.320436681222707,0.8200000000000003,1.51,1.915443570746696,48,2.686187874,21666.3,2.686187874,21666.3,2.364060892,2.076999746,16752.7,2.076999746,16752.7,2.143134304,2.143134304,2.364060892,0.65,62.0,0.76,12.1,6.0
527,-2.48,-6.37,0.2099999999999999,0.6699999999999999,2.077055643721484,2.143134304,3.89,-6141.964149374202,3.90939,4.469604515,17.91275396318197,2.9500000000000006,11.470004624998436,8.409595891909474,19.87960051690791,38.119133991170926,16.12540012273642,21.993733868434504,-2.12,-5.73,0.1300000000000001,0.2099999999999999,1.8744296766514577,1.631072887,3.61,-9935.390340808995,2.16526,8.256423152,42.729011551267,3.2500000000000004,5.033579691516708,3.89,7.48920469151671,3.0642046915167085,3.61,6.455611149584488,2.5306111495844874,4.267486149584488,0.6399999999999997,0.3599999999999999,1.915443570746696,48,2.05503049,16575.5,1.874379232,15118.4,1.631072887,2.076999746,16752.7,2.076999746,16752.7,2.143134304,2.143134304,1.759389755,0.65,63.0,1.02,17.2,11.1
535,-2.71,-6.91,0.25,0.6699999999999999,2.3231749652846654,2.790367994,4.2,-3910.813798275829,3.01191,5.865610612,14.661113898370347,3.03,5.989790486935695,5.601131933192955,11.59092242012865,22.828321706443376,11.031429342423529,11.796892364019852,-1.99,-6.04,0.1899999999999999,0.2599999999999998,2.2861659392977582,0.548377181,4.05,-15717.647341304437,1.22344,13.040835350999998,48.55193625232204,3.33,5.508595238095239,4.2,8.17609523809524,3.366095238095238,4.05,6.240927469135802,2.225927469135802,3.980302469135802,0.8700000000000001,0.72,1.0562954895675865,54,2.6317358579999994,21227.1,2.2861044139999995,18439.3,0.059964056,2.3231124439999995,18737.8,2.3231124439999995,18737.8,2.790367994,2.790367994,2.257052621,0.65,74.1,0.941,18.54,12.93
578,-2.52,-6.74,0.2400000000000002,0.6799999999999997,2.3014778813727435,2.197822234,4.220000000000001,-3514.246167642906,7.70627,5.494194178000001,16.26900130417567,3.03,6.967194681231387,5.819921633354752,12.78711631458614,25.1842255815774,11.462335656892185,13.721889924685216,-1.83,-5.85,0.1600000000000001,0.29,2.1962656219004164,0.241128707,4.02,-15122.809191764589,2.34005,12.751957815,44.74731995091807,3.33,5.079834123222748,4.220000000000001,7.658584123222747,3.0285841232227484,4.02,5.839309701492535,1.9993097014925372,3.668059701492538,0.8900000000000006,0.69,1.046692754176989,54,2.625226908,21174.6,2.196206516,17714.2,0.241128707,2.3014159439999995,18562.8,2.3014159439999995,18562.8,2.197822234,2.197822234,2.659886367,0.65,66.0,0.94,15.81,10.06
601,-2.68,-6.91,0.2000000000000001,0.5999999999999996,2.3090904582424123,1.943186638,4.23,-4061.110705432547,9.48343,5.656500673,19.00334391148628,3.06,5.989790486935695,5.7760363966168455,11.76582688355254,23.402229671386003,11.488536392870907,11.913693278515098,-1.99,-6.04,0.1899999999999999,0.2599999999999998,2.2861659392977582,0.548377181,4.05,-15717.647341304437,1.22344,13.040835350999998,48.55193625232204,3.36,5.435466903073285,4.23,8.097341903073286,3.302341903073286,4.05,6.240927469135802,2.225927469135802,3.980302469135802,0.8700000000000001,0.6900000000000002,1.5240269143617209,56,2.6317358579999994,21227.1,2.2861044139999995,18439.3,0.059964056,2.309028316,18624.2,2.309028316,18624.2,1.943186638,1.943186638,2.257052621,0.65,77.0,0.878,22.26,15.05
622,-2.71,-6.61,0.2299999999999999,0.92,2.0389679627058124,1.634962525,3.9,-5808.088734059994,6.59778,6.348473984,22.94214436189519,2.84,6.967194681231387,8.968368954529437,15.935563635760824,29.41705047161448,16.55560909006134,12.86144138155314,-1.83,-5.85,0.1600000000000001,0.29,2.1962656219004164,0.241128707,4.02,-15122.809191764589,2.34005,12.751957815,44.74731995091807,3.14,5.568102564102564,3.9,8.141852564102566,3.4818525641025637,4.02,5.839309701492535,1.9993097014925372,3.668059701492538,0.7600000000000007,0.8799999999999999,1.6091598249906132,59,2.625226908,21174.6,2.196206516,17714.2,0.241128707,2.03891309,16445.5,2.03891309,16445.5,1.634962525,1.634962525,2.659886367,0.65,73.0,0.79,25.82,15.12
645,-2.83,-6.93,0.4599999999999999,0.8799999999999999,2.0929751041460025,1.310680335,4.1,-3762.071672952882,7.00784,4.891391091,19.01764311809694,2.91,5.989790486935695,8.22798954360428,14.217780030539975,26.892930927766365,15.563242221727496,11.329688706038867,-1.99,-6.04,0.1899999999999999,0.2599999999999998,2.2861659392977582,0.548377181,4.05,-15717.647341304437,1.22344,13.040835350999998,48.55193625232204,3.21,5.80839024390244,4.1,8.504640243902438,3.62464024390244,4.05,6.240927469135802,2.225927469135802,3.980302469135802,0.8899999999999997,0.8400000000000001,2.20332331446034,48,2.6317358579999994,21227.1,2.2861044139999995,18439.3,0.059964056,2.092918778,16881.1,2.092918778,16881.1,1.310680335,1.310680335,2.257052621,0.65,61.0,0.736,17.49,7.81
667,-2.59,-6.77,0.4499999999999997,0.8800000000000008,2.1787095814322552,1.455305827,4.18,-3365.508841181284,7.29137,4.698019663,16.459711065542468,3.1500000000000004,5.989790486935695,7.189409717688991,13.179200204624683,26.984412418969047,14.720316396968212,12.264096022000835,-1.99,-6.04,0.1899999999999999,0.2599999999999998,2.2861659392977582,0.548377181,4.05,-15717.647341304437,1.22344,13.040835350999998,48.55193625232204,3.45,5.239808612440191,4.18,7.841058612440191,3.161058612440191,4.05,6.240927469135802,2.225927469135802,3.980302469135802,0.7299999999999995,0.5999999999999999,2.309182830935953,48,2.6317358579999994,21227.1,2.2861044139999995,18439.3,0.059964056,2.178650948,17572.6,2.178650948,17572.6,1.455305827,1.455305827,2.257052621,0.65,59.0,0.905,14.55,7.8
682,-2.71,-6.93,0.4599999999999999,0.8900000000000006,2.3076894465383853,2.577273585,4.22,-3088.402625981641,3.56448,5.100503454,13.988175981839614,2.92,4.731442027845098,5.7760363966168455,10.507478424461944,19.94319404962877,10.962917080778771,8.980276968849996,-1.79,-5.93,0.1799999999999999,0.1600000000000001,2.41969599285856,5.075779484,4.14,-9410.312718462876,11.64466,8.78473932,21.1573063542578,3.22,5.505308056872039,4.22,8.179058056872039,3.3590580568720374,4.14,5.7876871980676325,1.927687198067633,3.598937198067633,1.0,0.92,0.9205276209576624,48,2.419630874,19516.3,2.419630874,19516.3,5.075779484,2.307627342,18612.9,2.307627342,18612.9,2.577273585,2.577273585,5.075779484,0.65,71.8,0.84,20.8,12.5
689,-2.71,-6.93,0.4599999999999999,0.8900000000000006,2.3076894465383853,2.577273585,4.22,-3088.402625981641,3.56448,5.100503454,13.988175981839614,3.03,5.989790486935695,5.7760363966168455,11.76582688355254,23.17279604715673,11.375903683136878,11.796892364019852,-1.99,-6.04,0.1899999999999999,0.2599999999999998,2.2861659392977582,0.548377181,4.05,-15717.647341304437,1.22344,13.040835350999998,48.55193625232204,3.33,5.505308056872039,4.22,8.179058056872039,3.3590580568720374,4.05,6.240927469135802,2.225927469135802,3.980302469135802,0.8899999999999997,0.72,0.9205276209576624,48,2.6317358579999994,21227.1,2.2861044139999995,18439.3,0.059964056,2.307627342,18612.9,2.307627342,18612.9,2.577273585,2.577273585,2.257052621,0.65,69.0,0.97,17.8,11.9
695,-2.71,-6.93,0.4599999999999999,0.8900000000000006,2.3076894465383853,2.577273585,4.22,-3088.402625981641,3.56448,5.100503454,13.988175981839614,2.96,5.048874370412561,5.7760363966168455,10.824910767029406,20.82712831576458,11.113094027090812,9.714034288673767,-1.77,-5.97,0.1100000000000001,0.1100000000000003,2.382513390200357,0.842805392,4.199999999999999,-17967.99590191805,2.24224,13.443344381000005,40.16131844440884,3.26,5.505308056872039,4.22,8.179058056872039,3.3590580568720374,4.199999999999999,5.763428571428572,1.893428571428572,3.565928571428572,0.96,0.94,0.9205276209576624,48,2.541490816,20499.2,2.382449272,19216.4,0.842805392,2.307627342,18612.9,2.307627342,18612.9,2.577273585,2.577273585,3.447543414,0.65,73.2,0.834,16.98,10.37
697,-2.71,-6.93,0.4599999999999999,0.8900000000000006,2.3076894465383853,2.577273585,4.22,-3088.402625981641,3.56448,5.100503454,13.988175981839614,3.13,5.048874370412561,5.7760363966168455,10.824910767029406,22.02328095552133,11.751346048916972,10.271934906604356,-1.92,-6.14,0.25,0.2600000000000007,2.381881075183496,4.076802804,4.22,-9402.575206581614,5.65723,5.183854525,6.835136982728329,3.43,5.505308056872039,4.22,8.179058056872039,3.3590580568720374,4.22,6.127304502369666,2.097304502369668,3.848554502369668,0.79,0.79,0.9205276209576624,48,2.3818169739999995,19211.3,2.3818169739999995,19211.3,4.076802804,2.307627342,18612.9,2.307627342,18612.9,2.577273585,2.577273585,4.076802804,0.65,65.8,0.95,15.2,9.44
711,-2.75,-6.6,0.2400000000000002,0.8500000000000005,1.937574390001984,1.269538151,3.85,-4552.283930277007,4.08556,5.447335608,18.59720540661436,2.99,5.989790486935695,10.426326558476775,16.41611704541247,31.904723477759138,20.26356566639961,11.641157811359523,-1.99,-6.04,0.1899999999999999,0.2599999999999998,2.2861659392977582,0.548377181,4.05,-15717.647341304437,1.22344,13.040835350999998,48.55193625232204,3.29,5.676785714285715,3.85,8.254910714285714,3.5799107142857145,4.05,6.240927469135802,2.225927469135802,3.980302469135802,0.5599999999999996,0.76,1.0639177575452057,53,2.6317358579999994,21227.1,2.2861044139999995,18439.3,0.059964056,1.937522246,15627.7,1.937522246,15627.7,1.269538151,1.269538151,2.257052621,0.65,70.0,0.82,24.9,14.3
766,-2.37,-6.73,0.4400000000000001,0.7399999999999993,2.4887051180321365,2.938693495,4.36,-5609.190346211872,2.19143,4.070999575999999,13.007532659931975,3.28,7.277138842750522,4.155882326876856,11.433021169627375,24.375201133645568,8.86034112090146,15.514860012744114,-2.05,-5.95,0.4199999999999999,0.3099999999999996,2.168530549494148,2.691697691,3.9,-11533.103933002296,13.02707,8.566758652999999,24.18064733284576,3.58,4.7482798165137625,4.36,7.295779816513763,2.745779816513761,3.9,6.346314102564103,2.346314102564102,4.102564102564102,0.7800000000000002,0.3200000000000003,2.0362835653803653,42,2.16847219,17490.5,2.16847219,17490.5,2.691697691,2.488638142,20072.9,2.488638142,20072.9,2.938693495,2.938693495,2.691697691,0.65,64.0,1.0,13.7,8.77
777,-2.72,-6.57,0.33,0.8899999999999997,2.0275243007339814,1.615687417,3.85,-6690.408544319677,11.41104,5.68817537,23.59152487594321,3.02,5.989790486935695,9.109474350185367,15.099264837121062,29.639856875268645,17.881898149413875,11.757958725854769,-1.99,-6.04,0.1899999999999999,0.2599999999999998,2.2861659392977582,0.548377181,4.05,-15717.647341304437,1.22344,13.040835350999998,48.55193625232204,3.32,5.604162337662339,3.85,8.167287337662337,3.5222873376623376,4.05,6.240927469135802,2.225927469135802,3.980302469135802,0.5300000000000002,0.7300000000000002,2.6009844842630474,54,2.6317358579999994,21227.1,2.2861044139999995,18439.3,0.059964056,2.027469736,16353.2,2.027469736,16353.2,1.615687417,1.615687417,2.257052621,0.65,72.57,0.893,23.15,15.0
794,-2.75,-6.79,0.2799999999999998,0.7999999999999998,2.208440785558421,2.613444528,4.04,-5356.332549198553,4.10013,5.943682365000001,16.77993797412577,3.17,4.155882326876856,6.832665397776074,10.98854772465293,22.64190258664736,14.0787070521176,8.563195534529761,-2.05,-6.22,0.2099999999999997,0.1100000000000003,2.485717119619123,4.753974721,4.17,-16905.950356579244,6.13653,12.104839638,26.17189741395175,3.47,5.631905940594058,4.04,8.269405940594059,3.499405940594059,4.17,6.4284187649880105,2.2934187649880093,4.10029376498801,0.5700000000000003,0.7000000000000002,2.0547376469216445,54,2.485650224,20048.8,2.485650224,20048.8,4.753974721,2.208381352,17812.4,2.208381352,17812.4,2.613444528,2.613444528,4.753974721,0.65,76.0,0.9,20.73,14.2
796,-2.75,-6.79,0.2799999999999998,0.7999999999999998,2.208440785558421,2.613444528,4.04,-5356.332549198553,4.10013,5.943682365000001,16.77993797412577,3.09,5.517483362398773,6.832665397776074,12.350148760174848,24.80527378481118,13.723408451433246,11.081865333377936,-1.96,-6.14,0.1299999999999999,0.1100000000000003,2.331395060503868,0.283931444,4.18,-17879.61802018557,2.20141,12.985482327,50.14623799112652,3.39,5.631905940594058,4.04,8.269405940594059,3.499405940594059,4.18,6.2102930622009564,2.160293062200957,3.924043062200957,0.6500000000000004,0.79,2.0547376469216445,54,2.5710724439999995,20737.8,2.3313323179999994,18804.1,0.283931444,2.208381352,17812.4,2.208381352,17812.4,2.613444528,2.613444528,1.818247616,0.65,77.0,0.86,21.8,14.4
797,-2.75,-6.79,0.2799999999999998,0.7999999999999998,2.208440785558421,2.613444528,4.04,-5356.332549198553,4.10013,5.943682365000001,16.77993797412577,2.9300000000000006,7.189409717688991,6.832665397776074,14.022075115465064,26.70504205740322,13.012811250064535,13.692230807338689,-1.98,-5.98,0.09,0.0999999999999996,2.1783624280896645,0.14610088,4.0,-18106.00965473941,3.00659,14.24515589,62.75526667518831,3.2300000000000004,5.631905940594058,4.04,8.269405940594059,3.499405940594059,4.0,6.200100000000001,2.2201,3.960100000000001,0.8099999999999996,0.77,2.0547376469216445,54,2.396248246,19327.7,2.178303804,17569.8,0.14610088,2.208381352,17812.4,2.208381352,17812.4,2.613444528,2.613444528,0.880102012,0.65,71.0,0.88,20.88,13.1
800,-2.75,-6.79,0.2799999999999998,0.7999999999999998,2.208440785558421,2.613444528,4.04,-5356.332549198553,4.10013,5.943682365000001,16.77993797412577,3.03,4.521306487354939,6.832665397776074,11.353971885131012,22.36164762776553,13.45693450091998,8.904713126845552,-1.9,-6.08,0.1999999999999999,0.1600000000000001,2.44236014679627,5.199305003,4.18,-14105.919536309477,5.08026,11.226781201,26.03033813283712,3.33,5.631905940594058,4.04,8.269405940594059,3.499405940594059,4.18,6.064886363636365,2.0748863636363635,3.808636363636364,0.71,0.8500000000000001,2.0547376469216445,54,2.4422944179999995,19699.1,2.4422944179999995,19699.1,5.199305003,2.208381352,17812.4,2.208381352,17812.4,2.613444528,2.613444528,5.199305003,0.65,63.68,0.88,20.94,11.77
801,-2.75,-6.79,0.2799999999999998,0.7999999999999998,2.208440785558421,2.613444528,4.04,-5356.332549198553,4.10013,5.943682365000001,16.77993797412577,3.2,5.133045086172141,6.832665397776074,11.965710483948214,24.88867780661229,14.211944027374235,10.676733779238054,-2.12,-6.25,0.1,0.1399999999999996,2.3716896449117235,0.218227421,4.13,-17143.844153452093,6.44399,13.714828551999998,45.98916704269934,3.5,5.631905940594058,4.04,8.269405940594059,3.499405940594059,4.13,6.591357445520582,2.4063574455205807,4.240732445520582,0.54,0.6299999999999999,2.0547376469216445,54,2.50414804,20198.0,2.371625818,19129.1,0.218227421,2.208381352,17812.4,2.208381352,17812.4,2.613444528,2.613444528,2.769604361,0.65,69.9,0.891,21.03,13.1
806,-2.75,-6.79,0.2799999999999998,0.7999999999999998,2.208440785558421,2.613444528,4.04,-5356.332549198553,4.10013,5.943682365000001,16.77993797412577,3.3600000000000003,5.007148525382501,6.832665397776074,11.839813923158577,25.85815360817833,14.922541228742949,10.935612379435383,-2.23,-6.41,0.32,0.29,2.389146498710573,4.043250557,4.18,-8854.498196663628,18.68951,5.974315108000001,7.115365357337444,3.66,5.631905940594058,4.04,8.269405940594059,3.499405940594059,4.18,6.885938995215312,2.565938995215311,4.464688995215312,0.3799999999999999,0.52,2.0547376469216445,54,2.389082202,19269.9,2.389082202,19269.9,4.043250557,2.208381352,17812.4,2.208381352,17812.4,2.613444528,2.613444528,4.043250557,0.65,71.0,0.92,18.2,11.9
807,-2.75,-6.79,0.2799999999999998,0.7999999999999998,2.208440785558421,2.613444528,4.04,-5356.332549198553,4.10013,5.943682365000001,16.77993797412577,3.09,5.048874370412561,6.832665397776074,11.881539768188636,23.864072624406877,13.723408451433246,10.140664172973628,-1.92,-6.14,0.25,0.2600000000000007,2.381881075183496,4.076802804,4.22,-9402.575206581614,5.65723,5.183854525,6.835136982728329,3.39,5.631905940594058,4.04,8.269405940594059,3.499405940594059,4.22,6.127304502369666,2.097304502369668,3.848554502369668,0.6500000000000004,0.8300000000000001,2.0547376469216445,54,2.3818169739999995,19211.3,2.3818169739999995,19211.3,4.076802804,2.208381352,17812.4,2.208381352,17812.4,2.613444528,2.613444528,4.076802804,0.65,60.0,0.89,17.2,9.05
812,-2.75,-6.79,0.2799999999999998,0.7999999999999998,2.208440785558421,2.613444528,4.04,-5356.332549198553,4.10013,5.943682365000001,16.77993797412577,3.1500000000000004,3.6031871115513336,6.832665397776074,10.435852509327407,21.36740801284787,13.989882401946511,7.3775256109013565,-1.91,-6.2,0.4099999999999999,0.2000000000000001,2.5575654632017453,2.18439331,4.29,-10408.007351001082,1.9545,7.968147066,26.60847586229975,3.45,5.631905940594058,4.04,8.269405940594059,3.499405940594059,4.29,6.128497960372961,2.07349796037296,3.83287296037296,0.5899999999999999,0.8400000000000001,2.0547376469216445,54,2.557496634,20628.3,2.557496634,20628.3,2.18439331,2.208381352,17812.4,2.208381352,17812.4,2.613444528,2.613444528,2.18439331,0.65,75.0,0.91,21.5,14.7
820,-2.46,-6.62,0.25,0.8300000000000001,2.266824538781988,1.809113013,4.16,-5601.257931788396,5.78739,5.905132235,21.20373795675844,3.09,6.967194681231387,6.210453081006018,13.177647762237406,26.46730553045383,12.473695013200588,13.99361051725324,-1.83,-5.85,0.1600000000000001,0.29,2.1962656219004164,0.241128707,4.02,-15122.809191764589,2.34005,12.751957815,44.74731995091807,3.39,4.954711538461538,4.16,7.484711538461538,2.9447115384615383,4.02,5.839309701492535,1.9993097014925372,3.668059701492538,0.7700000000000005,0.6299999999999999,2.069286128466413,52,2.625226908,21174.6,2.196206516,17714.2,0.241128707,2.266763534,18283.3,2.266763534,18283.3,1.809113013,1.809113013,2.659886367,0.65,71.0,1.01,15.9,11.4
849,-2.58,-6.63,0.27,0.79,2.166323646101964,1.665265598,4.05,-6242.754283967138,3.99462,5.66132857,18.24607883391064,3.09,5.048874370412561,7.322658015526723,12.371532385939284,24.84822279715905,14.707558624185422,10.140664172973628,-1.77,-5.97,0.1100000000000001,0.1100000000000003,2.382513390200357,0.842805392,4.199999999999999,-17967.99590191805,2.24224,13.443344381000005,40.16131844440884,3.39,5.236055555555557,4.05,7.791680555555555,3.186680555555556,4.199999999999999,5.763428571428572,1.893428571428572,3.565928571428572,0.6600000000000001,0.81,2.075814006477657,54,2.541490816,20499.2,2.382449272,19216.4,0.842805392,2.166265346,17472.7,2.166265346,17472.7,1.665265598,1.665265598,3.447543414,0.65,67.0,0.88,16.24,9.6
851,-2.58,-6.63,0.27,0.79,2.166323646101964,1.665265598,4.05,-6242.754283967138,3.99462,5.66132857,18.24607883391064,3.26,5.048874370412561,7.322658015526723,12.371532385939284,26.21527712580534,15.516712334901124,10.698564790904216,-1.92,-6.14,0.25,0.2600000000000007,2.381881075183496,4.076802804,4.22,-9402.575206581614,5.65723,5.183854525,6.835136982728329,3.56,5.236055555555557,4.05,7.791680555555555,3.186680555555556,4.22,6.127304502369666,2.097304502369668,3.848554502369668,0.4900000000000002,0.6600000000000001,2.075814006477657,54,2.3818169739999995,19211.3,2.3818169739999995,19211.3,4.076802804,2.166265346,17472.7,2.166265346,17472.7,1.665265598,1.665265598,4.076802804,0.65,70.0,0.94,18.3,12.11
855,-2.58,-6.63,0.27,0.79,2.166323646101964,1.665265598,4.05,-6242.754283967138,3.99462,5.66132857,18.24607883391064,3.04,5.007148525382501,7.322658015526723,12.329806540909225,24.363697724836623,14.469572238680806,9.894125486155822,-1.79,-5.92,0.1300000000000001,0.1200000000000001,2.385712160285657,3.017880585,4.13,-10194.12968408406,10.48223,9.988432533,33.60423097633433,3.34,5.236055555555557,4.05,7.791680555555555,3.186680555555556,4.13,5.783936138014526,1.928936138014528,3.598311138014528,0.71,0.79,2.075814006477657,54,2.385647956,19242.2,2.385647956,19242.2,3.017880585,2.166265346,17472.7,2.166265346,17472.7,1.665265598,1.665265598,3.017880585,0.65,67.0,0.92,17.1,10.88
857,-2.58,-6.63,0.27,0.79,2.166323646101964,1.665265598,4.05,-6242.754283967138,3.99462,5.66132857,18.24607883391064,2.8500000000000005,11.470004624998436,7.322658015526723,18.79266264052516,34.813407541572865,13.565223973763256,21.24818356780961,-2.12,-5.73,0.1300000000000001,0.2099999999999999,1.8744296766514577,1.631072887,3.61,-9935.390340808995,2.16526,8.256423152,42.729011551267,3.1500000000000004,5.236055555555557,4.05,7.791680555555555,3.186680555555556,3.61,6.455611149584488,2.5306111495844874,4.267486149584488,0.8999999999999995,0.4599999999999999,2.075814006477657,54,2.05503049,16575.5,1.874379232,15118.4,1.631072887,2.166265346,17472.7,2.166265346,17472.7,1.665265598,1.665265598,1.759389755,0.65,57.1,0.858,13.47,6.6
858,-2.56,-6.59,0.2400000000000002,0.8399999999999999,2.134484725252926,1.744138136,4.029999999999999,-4959.775091333931,0.42076,5.415067018999999,16.538055178675847,3.07,4.731442027845098,7.682828798895219,12.414270826740315,24.772677434760304,15.33108486819541,9.441592566564893,-1.79,-5.93,0.1799999999999999,0.1600000000000001,2.41969599285856,5.075779484,4.14,-9410.312718462876,11.64466,8.78473932,21.1573063542578,3.37,5.193703473945411,4.029999999999999,7.73307847394541,3.1580784739454097,4.14,5.7876871980676325,1.927687198067633,3.598937198067633,0.6600000000000001,0.77,2.0097886673674403,54,2.419630874,19516.3,2.419630874,19516.3,5.075779484,2.134427282,17215.9,2.134427282,17215.9,1.744138136,1.744138136,5.075779484,0.65,60.1,0.89,12.18,6.48
859,-2.56,-6.59,0.2400000000000002,0.8399999999999999,2.134484725252926,1.744138136,4.029999999999999,-4959.775091333931,0.42076,5.415067018999999,16.538055178675847,3.0500000000000003,4.771945250541704,7.682828798895219,12.454774049436924,24.691589553008704,15.231208093809771,9.460381459198928,-1.76,-5.91,0.32,0.2199999999999997,2.415988891093037,3.435330346,4.15,-15406.502742895587,4.04634,10.76941207,26.194578388471605,3.35,5.193703473945411,4.029999999999999,7.73307847394541,3.1580784739454097,4.15,5.720784638554218,1.8857846385542167,3.5439096385542164,0.6799999999999997,0.8,2.0097886673674403,54,2.415923872,19486.4,2.415923872,19486.4,3.435330346,2.134427282,17215.9,2.134427282,17215.9,1.744138136,1.744138136,3.435330346,0.65,69.77,0.94,17.32,11.41
861,-2.56,-6.59,0.2400000000000002,0.8399999999999999,2.134484725252926,1.744138136,4.029999999999999,-4959.775091333931,0.42076,5.415067018999999,16.538055178675847,2.69,2.703295592027475,7.682828798895219,10.386124390922694,18.16013849752833,13.43342615486829,4.72671234266004,-0.97,-5.55,0.76,0.79,2.686260166633604,2.364060892,4.58,-3859.844937179237,0.15653,2.785353023,12.01610690118826,2.99,5.193703473945411,4.029999999999999,7.73307847394541,3.1580784739454097,4.58,4.2366866812227055,0.9766866812227076,2.320436681222707,1.04,1.59,2.0097886673674403,54,2.686187874,21666.3,2.686187874,21666.3,2.364060892,2.134427282,17215.9,2.134427282,17215.9,1.744138136,1.744138136,2.364060892,0.65,56.93,0.52,4.22,1.24
864,-2.56,-6.59,0.2400000000000002,0.8399999999999999,2.134484725252926,1.744138136,4.029999999999999,-4959.775091333931,0.42076,5.415067018999999,16.538055178675847,2.99,6.967194681231387,7.682828798895219,14.650023480126606,28.472320633626055,14.931577770652858,13.5407428629732,-1.83,-5.85,0.1600000000000001,0.29,2.1962656219004164,0.241128707,4.02,-15122.809191764589,2.34005,12.751957815,44.74731995091807,3.29,5.193703473945411,4.029999999999999,7.73307847394541,3.1580784739454097,4.02,5.839309701492535,1.9993097014925372,3.668059701492538,0.7400000000000002,0.73,2.0097886673674403,54,2.625226908,21174.6,2.196206516,17714.2,0.241128707,2.134427282,17215.9,2.134427282,17215.9,1.744138136,1.744138136,2.659886367,0.65,74.2,0.899,16.81,11.21
868,-2.56,-6.59,0.2400000000000002,0.8399999999999999,2.134484725252926,1.744138136,4.029999999999999,-4959.775091333931,0.42076,5.415067018999999,16.538055178675847,3.15,7.682828798895219,7.682828798895219,15.365657597790438,31.46118393147592,15.73059196573796,15.73059196573796,-2.13,-6.01,0.1499999999999999,0.1699999999999999,2.135017853600476,2.277207128,3.88,-15411.918742263257,7.49925,14.86141259,44.30836866035815,3.45,5.193703473945411,4.029999999999999,7.73307847394541,3.1580784739454097,3.88,6.546804123711341,2.47680412371134,4.269304123711341,0.5800000000000001,0.4300000000000001,2.0097886673674403,54,2.134960396,17220.2,2.134960396,17220.2,2.277207128,2.134427282,17215.9,2.134427282,17215.9,1.744138136,1.744138136,2.277207128,0.65,66.8,0.95,17.87,11.34
873,-2.56,-6.59,0.2400000000000002,0.8399999999999999,2.134484725252926,1.744138136,4.029999999999999,-4959.775091333931,0.42076,5.415067018999999,16.538055178675847,3.28,5.048874370412561,7.682828798895219,12.73170316930778,27.143991156964184,16.379790999244605,10.764200157719578,-1.92,-6.14,0.25,0.2600000000000007,2.381881075183496,4.076802804,4.22,-9402.575206581614,5.65723,5.183854525,6.835136982728329,3.58,5.193703473945411,4.029999999999999,7.73307847394541,3.1580784739454097,4.22,6.127304502369666,2.097304502369668,3.848554502369668,0.4500000000000002,0.6400000000000001,2.0097886673674403,54,2.3818169739999995,19211.3,2.3818169739999995,19211.3,4.076802804,2.134427282,17215.9,2.134427282,17215.9,1.744138136,1.744138136,4.076802804,0.65,65.9,1.02,10.8,7.25
874,-2.56,-6.59,0.2400000000000002,0.8399999999999999,2.134484725252926,1.744138136,4.029999999999999,-4959.775091333931,0.42076,5.415067018999999,16.538055178675847,3.41,4.854251741037734,7.682828798895219,12.537080539932951,27.78843901676139,17.028990032751253,10.759448984010138,-2.07,-6.27,0.3199999999999998,0.2700000000000004,2.405375917476691,4.051139501,4.199999999999999,-8259.677193006664,17.60853,5.931795626,4.930539931150049,3.71,5.193703473945411,4.029999999999999,7.73307847394541,3.1580784739454097,4.199999999999999,6.487714285714286,2.3177142857142856,4.140214285714286,0.3200000000000003,0.4900000000000002,2.0097886673674403,54,2.405311184,19400.8,2.405311184,19400.8,4.051139501,2.134427282,17215.9,2.134427282,17215.9,1.744138136,1.744138136,4.051139501,0.65,65.67,0.94,16.5,10.16
875,-2.56,-6.59,0.2400000000000002,0.8399999999999999,2.134484725252926,1.744138136,4.029999999999999,-4959.775091333931,0.42076,5.415067018999999,16.538055178675847,3.2100000000000004,6.743289481812316,7.682828798895219,14.426118280707534,30.10009579269628,16.03022228889488,14.069873503801402,-2.03,-6.07,0.1499999999999999,0.1099999999999994,2.2146523507240627,1.553512982,4.040000000000001,-15717.644859435271,0.69531,12.78416149,46.08605906828672,3.51,5.193703473945411,4.029999999999999,7.73307847394541,3.1580784739454097,4.040000000000001,6.337524752475247,2.287524752475247,4.060024752475247,0.5199999999999996,0.5300000000000002,2.0097886673674403,54,2.5872270379999995,20868.1,2.21459275,17862.5,0.065804631,2.134427282,17215.9,2.134427282,17215.9,1.744138136,1.744138136,2.221059013,0.65,66.0,0.95,18.5,11.71
876,-2.56,-6.59,0.2400000000000002,0.8399999999999999,2.134484725252926,1.744138136,4.029999999999999,-4959.775091333931,0.42076,5.415067018999999,16.538055178675847,3.0900000000000003,7.277138842750522,7.682828798895219,14.95996764164574,30.047095008245478,15.43096164258105,14.616133365664426,-2.05,-5.95,0.4199999999999999,0.3099999999999996,2.168530549494148,2.691697691,3.9,-11533.103933002296,13.02707,8.566758652999999,24.18064733284576,3.39,5.193703473945411,4.029999999999999,7.73307847394541,3.1580784739454097,3.9,6.346314102564103,2.346314102564102,4.102564102564102,0.6399999999999997,0.5100000000000002,2.0097886673674403,54,2.16847219,17490.5,2.16847219,17490.5,2.691697691,2.134427282,17215.9,2.134427282,17215.9,1.744138136,1.744138136,2.691697691,0.65,66.0,0.825,14.4,7.8
877,-2.56,-6.59,0.2400000000000002,0.8399999999999999,2.134484725252926,1.744138136,4.029999999999999,-4959.775091333931,0.42076,5.415067018999999,16.538055178675847,3.06,5.007148525382501,7.682828798895219,12.68997732427772,25.24036489798839,15.28114648100259,9.959218416985795,-1.79,-5.92,0.1300000000000001,0.1200000000000001,2.385712160285657,3.017880585,4.13,-10194.12968408406,10.48223,9.988432533,33.60423097633433,3.36,5.193703473945411,4.029999999999999,7.73307847394541,3.1580784739454097,4.13,5.783936138014526,1.928936138014528,3.598311138014528,0.6699999999999999,0.77,2.0097886673674403,54,2.385647956,19242.2,2.385647956,19242.2,3.017880585,2.134427282,17215.9,2.134427282,17215.9,1.744138136,1.744138136,3.017880585,0.65,70.0,0.92,15.5,10.13
887,-2.76,-6.65,0.2799999999999998,0.7599999999999998,2.0408401110890693,1.827808822,3.890000000000001,-4615.655397969913,5.29703,6.282774051,25.6493039919628,2.9800000000000004,5.989790486935695,8.92113771781539,14.910928204751084,28.882467932602857,17.280243759408414,11.602224173194443,-1.99,-6.04,0.1899999999999999,0.2599999999999998,2.2861659392977582,0.548377181,4.05,-15717.647341304437,1.22344,13.040835350999998,48.55193625232204,3.28,5.690751928020565,3.890000000000001,8.286376928020564,3.581376928020565,4.05,6.240927469135802,2.225927469135802,3.980302469135802,0.6100000000000003,0.7699999999999998,0.8750223153484037,58,2.6317358579999994,21227.1,2.2861044139999995,18439.3,0.059964056,2.040785188,16460.6,2.040785188,16460.6,1.827808822,1.827808822,2.257052621,0.65,70.66,0.91,23.63,15.24
909,-2.76,-6.65,0.3199999999999998,0.8799999999999999,2.054341896449117,2.352554493,3.890000000000001,-3969.75861692784,6.16998,6.014755964,20.661917580907662,2.9800000000000004,5.989790486935695,8.732043434864229,14.721833921799924,28.51619230652646,16.913968133332016,11.602224173194443,-1.99,-6.04,0.1899999999999999,0.2599999999999998,2.2861659392977582,0.548377181,4.05,-15717.647341304437,1.22344,13.040835350999998,48.55193625232204,3.28,5.690751928020565,3.890000000000001,8.286376928020564,3.581376928020565,4.05,6.240927469135802,2.225927469135802,3.980302469135802,0.6100000000000003,0.7699999999999998,1.1440567950993068,58,2.6317358579999994,21227.1,2.2861044139999995,18439.3,0.059964056,2.05428661,16569.5,2.05428661,16569.5,2.352554493,2.352554493,2.257052621,0.65,60.59,0.83,8.36,4.21
952,-2.77,-6.61,0.29,0.96,2.0138365403689744,2.062464359,3.84,-5549.025677092341,8.28011,5.770441791,18.990919314600607,2.78,6.967194681231387,9.296379238008514,16.263573919239903,29.388278072066505,16.798557283081383,12.589720788985115,-1.83,-5.85,0.1600000000000001,0.29,2.1962656219004164,0.241128707,4.02,-15122.809191764589,2.34005,12.751957815,44.74731995091807,3.08,5.728151041666667,3.84,8.313151041666666,3.623151041666668,4.02,5.839309701492535,1.9993097014925372,3.668059701492538,0.7600000000000007,0.94,1.89295259745358,58,2.625226908,21174.6,2.196206516,17714.2,0.241128707,2.013782344,16242.8,2.013782344,16242.8,2.062464359,2.062464359,2.659886367,0.65,62.0,0.72,19.11,8.51
953,-2.77,-6.61,0.29,0.96,2.0138365403689744,2.062464359,3.84,-5549.025677092341,8.28011,5.770441791,18.990919314600607,2.97,5.989790486935695,9.296379238008514,15.286169724944209,29.5099506540048,17.946660118975437,11.56329053502936,-1.99,-6.04,0.1899999999999999,0.2599999999999998,2.2861659392977582,0.548377181,4.05,-15717.647341304437,1.22344,13.040835350999998,48.55193625232204,3.27,5.728151041666667,3.84,8.313151041666666,3.623151041666668,4.05,6.240927469135802,2.225927469135802,3.980302469135802,0.5700000000000003,0.78,1.89295259745358,58,2.6317358579999994,21227.1,2.2861044139999995,18439.3,0.059964056,2.013782344,16242.8,2.013782344,16242.8,2.062464359,2.062464359,2.257052621,0.65,58.0,0.82,21.49,10.19
974,-2.6,-6.48,0.29,0.9499999999999992,2.046816107915096,1.927606175,3.88,-5152.481883702276,8.17454,5.792943264,18.017137890642218,2.95,6.967194681231387,8.826455820457921,15.793650501689308,30.28432483698925,16.924729035728063,13.359595801261184,-1.83,-5.85,0.1600000000000001,0.29,2.1962656219004164,0.241128707,4.02,-15122.809191764589,2.34005,12.751957815,44.74731995091807,3.25,5.312268041237113,3.88,7.824768041237115,3.2847680412371134,4.02,5.839309701492535,1.9993097014925372,3.668059701492538,0.6300000000000008,0.77,1.9675947971117016,58,2.625226908,21174.6,2.196206516,17714.2,0.241128707,2.046761024,16508.8,2.046761024,16508.8,1.927606175,1.927606175,2.659886367,0.65,55.0,0.87,18.94,9.03
975,-2.6,-6.48,0.29,0.9499999999999992,2.046816107915096,1.927606175,3.88,-5152.481883702276,8.17454,5.792943264,18.017137890642218,3.14,5.989790486935695,8.826455820457921,14.816246307393616,30.23995871339037,18.01479632955462,12.225162383835752,-1.99,-6.04,0.1899999999999999,0.2599999999999998,2.2861659392977582,0.548377181,4.05,-15717.647341304437,1.22344,13.040835350999998,48.55193625232204,3.44,5.312268041237113,3.88,7.824768041237115,3.2847680412371134,4.05,6.240927469135802,2.225927469135802,3.980302469135802,0.4400000000000004,0.6100000000000001,1.9675947971117016,58,2.6317358579999994,21227.1,2.2861044139999995,18439.3,0.059964056,2.046761024,16508.8,2.046761024,16508.8,1.927606175,1.927606175,2.257052621,0.65,51.0,0.87,15.07,6.67
996,-2.33,-6.37,0.2099999999999999,0.8200000000000003,2.217317992461813,1.911268458,4.04,-6144.319685290371,2.30256,5.351630993000001,19.436284703942203,3.22,6.967194681231387,6.743289481812316,13.710484163043702,28.696043353250467,14.113704885433178,14.582338467817292,-1.83,-5.85,0.1600000000000001,0.29,2.1962656219004164,0.241128707,4.02,-15122.809191764589,2.34005,12.751957815,44.74731995091807,3.52,4.68378712871287,4.04,7.11128712871287,2.7612871287128717,4.02,5.839309701492535,1.9993097014925372,3.668059701492538,0.5200000000000005,0.5,2.2744202508152784,72,2.625226908,21174.6,2.196206516,17714.2,0.241128707,2.21725832,17884.0,2.21725832,17884.0,1.911268458,1.911268458,2.659886367,0.65,60.0,1.04,17.34,10.8
1018,-2.14,-6.46,0.1700000000000001,0.75,2.50504612180123,2.831936302,4.32,-5618.742849254354,4.94213,5.239827168999999,15.917131777427594,3.41,6.967194681231387,4.033182889228788,11.000377570460175,24.382336884924975,8.93954987397561,15.442787010949369,-1.83,-5.85,0.1600000000000001,0.29,2.1962656219004164,0.241128707,4.02,-15122.809191764589,2.34005,12.751957815,44.74731995091807,3.71,4.280092592592592,4.32,6.700092592592592,2.400092592592592,4.02,5.839309701492535,1.9993097014925372,3.668059701492538,0.6100000000000003,0.31,2.097808704063744,60,2.625226908,21174.6,2.196206516,17714.2,0.241128707,2.504978706,20204.7,2.504978706,20204.7,2.831936302,2.831936302,2.659886367,0.65,66.0,1.14,13.28,10.0
1040,-2.4,-6.68,0.3799999999999999,0.9500000000000002,2.368143721483833,1.949367222,4.279999999999999,-3517.793123699414,2.10715,3.71305124,13.722341648159684,3.15,6.967194681231387,5.175166435836013,12.1423611170674,24.861484387195503,10.596153277374238,14.265331109821265,-1.83,-5.85,0.1600000000000001,0.29,2.1962656219004164,0.241128707,4.02,-15122.809191764589,2.34005,12.751957815,44.74731995091807,3.45,4.815794392523365,4.279999999999999,7.353294392523364,2.8132943925233644,4.02,5.839309701492535,1.9993097014925372,3.668059701492538,0.8300000000000001,0.5699999999999998,0.7995479725798659,50,2.625226908,21174.6,2.196206516,17714.2,0.241128707,2.36807999,19100.5,2.36807999,19100.5,1.949367222,1.949367222,2.659886367,0.65,53.0,1.12,8.08,4.8
1059,-2.5,-6.34,0.2299999999999999,0.6400000000000006,2.035694802618528,2.441165507,3.84,-5513.841507235471,2.18043,4.368987528,16.134883617869125,2.75,2.703295592027475,9.01539668385852,11.718692275885996,20.94716244314622,16.115021572397108,4.832140870749112,-0.97,-5.55,0.76,0.79,2.686260166633604,2.364060892,4.58,-3859.844937179237,0.15653,2.785353023,12.01610690118826,3.05,5.087604166666667,3.84,7.537604166666666,3.1176041666666667,4.58,4.2366866812227055,0.9766866812227076,2.320436681222707,0.79,1.53,0.8996670646455667,48,2.686187874,21666.3,2.686187874,21666.3,2.364060892,2.035640018,16419.1,2.035640018,16419.1,2.441165507,2.441165507,2.364060892,0.65,60.0,0.72,13.9,6.3
1081,-2.54,-6.88,0.0499999999999998,0.2800000000000002,2.0562016464987103,0.121609764,4.34,-3279.358687300298,4.59596,3.147142338,9.229958684858364,2.71,2.703295592027475,8.732043434864229,11.435339026891704,20.14334969586973,15.38149451051334,4.761855185356397,-0.97,-5.55,0.76,0.79,2.686260166633604,2.364060892,4.58,-3859.844937179237,0.15653,2.785353023,12.01610690118826,3.01,5.111543778801844,4.34,7.737793778801844,3.0277937788018434,4.58,4.2366866812227055,0.9766866812227076,2.320436681222707,1.33,1.57,1.6268211165608888,68,2.686187874,21666.3,2.686187874,21666.3,2.364060892,2.478880916,19994.2,2.05614631,16584.5,0.009635634,0.121609764,2.364060892,0.65,69.9,0.6,10.68,4.48
1083,-2.54,-6.88,0.0499999999999998,0.2800000000000002,2.0562016464987103,0.121609764,4.34,-3279.358687300298,4.59596,3.147142338,9.229958684858364,3.140000000000001,7.189409717688991,8.732043434864229,15.92145315255322,32.49568588436113,17.822100650557896,14.673585233803236,-1.98,-5.98,0.09,0.0999999999999996,2.1783624280896645,0.14610088,4.0,-18106.00965473941,3.00659,14.24515589,62.75526667518831,3.4400000000000004,5.111543778801844,4.34,7.737793778801844,3.0277937788018434,4.0,6.200100000000001,2.2201,3.960100000000001,0.8999999999999995,0.56,1.6268211165608888,68,2.396248246,19327.7,2.178303804,17569.8,0.14610088,2.478880916,19994.2,2.05614631,16584.5,0.009635634,0.121609764,0.880102012,0.65,66.1,0.96,14.0,8.89
1085,-2.54,-6.88,0.0499999999999998,0.2800000000000002,2.0562016464987103,0.121609764,4.34,-3279.358687300298,4.59596,3.147142338,9.229958684858364,3.2,5.989790486935695,8.732043434864229,14.721833921799924,30.621414557343844,18.1626503445176,12.458764212826244,-1.99,-6.04,0.1899999999999999,0.2599999999999998,2.2861659392977582,0.548377181,4.05,-15717.647341304437,1.22344,13.040835350999998,48.55193625232204,3.5,5.111543778801844,4.34,7.737793778801844,3.0277937788018434,4.05,6.240927469135802,2.225927469135802,3.980302469135802,0.8399999999999999,0.55,1.6268211165608888,68,2.6317358579999994,21227.1,2.2861044139999995,18439.3,0.059964056,2.478880916,19994.2,2.05614631,16584.5,0.009635634,0.121609764,2.257052621,0.65,72.3,0.93,13.5,9.06
1097,-2.54,-6.88,0.0499999999999998,0.2800000000000002,2.0562016464987103,0.121609764,4.34,-3279.358687300298,4.59596,3.147142338,9.229958684858364,3.08,5.007148525382501,8.732043434864229,13.73919196024673,27.50586230441396,17.481550956598188,10.024311347815768,-1.79,-5.92,0.1300000000000001,0.1200000000000001,2.385712160285657,3.017880585,4.13,-10194.12968408406,10.48223,9.988432533,33.60423097633433,3.38,5.111543778801844,4.34,7.737793778801844,3.0277937788018434,4.13,5.783936138014526,1.928936138014528,3.598311138014528,0.96,0.75,1.6268211165608888,68,2.385647956,19242.2,2.385647956,19242.2,3.017880585,2.478880916,19994.2,2.05614631,16584.5,0.009635634,0.121609764,3.017880585,0.65,59.0,0.83,13.1,6.53
1098,-2.54,-6.88,0.0499999999999998,0.2800000000000002,2.0562016464987103,0.121609764,4.34,-3279.358687300298,4.59596,3.147142338,9.229958684858364,3.3600000000000003,3.6031871115513336,8.732043434864229,12.335230546415564,26.940143513371595,19.07078286174348,7.869360651628114,-1.91,-6.2,0.4099999999999999,0.2000000000000001,2.5575654632017453,2.18439331,4.29,-10408.007351001082,1.9545,7.968147066,26.60847586229975,3.66,5.111543778801844,4.34,7.737793778801844,3.0277937788018434,4.29,6.128497960372961,2.07349796037296,3.83287296037296,0.6799999999999997,0.6300000000000001,1.6268211165608888,68,2.557496634,20628.3,2.557496634,20628.3,2.18439331,2.478880916,19994.2,2.05614631,16584.5,0.009635634,0.121609764,2.18439331,0.65,62.0,1.0,8.1,5.0
1103,-2.5,-7.1,0.08,0.1800000000000006,2.1217516365800435,0.281038552,4.6,-2898.714048371355,4.12265,2.047633325,1.0443204555742869,2.75,2.703295592027475,7.870659506915215,10.57395509894269,18.90094473936006,14.06880386861095,4.832140870749112,-0.97,-5.55,0.76,0.79,2.686260166633604,2.364060892,4.58,-3859.844937179237,0.15653,2.785353023,12.01610690118826,3.05,5.008695652173913,4.6,7.696195652173912,2.896195652173913,4.58,4.2366866812227055,0.9766866812227076,2.320436681222707,1.5499999999999998,1.53,1.546931168866461,58,2.686187874,21666.3,2.686187874,21666.3,2.364060892,2.121694536,17113.2,2.121694536,17113.2,0.004045055,0.004045055,2.364060892,0.65,65.8,0.6,9.6,3.79
1128,-2.62,-6.45,0.3200000000000003,0.7599999999999998,1.991841896449117,1.332382943,3.83,-4731.453918691001,9.84974,5.871113664000002,23.64501801587586,2.93,6.967194681231387,9.62626730150264,16.593461982734027,31.602248346116955,18.333226075711774,13.269022270405175,-1.83,-5.85,0.1600000000000001,0.29,2.1962656219004164,0.241128707,4.02,-15122.809191764589,2.34005,12.751957815,44.74731995091807,3.2299999999999995,5.369771540469975,3.83,7.876646540469975,3.341646540469974,4.02,5.839309701492535,1.9993097014925372,3.668059701492538,0.6000000000000005,0.79,1.188372543925179,58,2.625226908,21174.6,2.196206516,17714.2,0.241128707,1.991788292,16065.4,1.991788292,16065.4,1.332382943,1.332382943,2.659886367,0.65,70.4,0.86,20.97,12.7
1151,-2.6,-6.55,0.25,0.8500000000000005,2.050250446340012,1.656249514,3.95,-8966.37482675269,1.02902,5.651650036,16.949944756244903,3.14,5.989790486935695,8.779289146406708,14.769079633342402,30.143691531651843,17.91852914781609,12.225162383835752,-1.99,-6.04,0.1899999999999999,0.2599999999999998,2.2861659392977582,0.548377181,4.05,-15717.647341304437,1.22344,13.040835350999998,48.55193625232204,3.44,5.298892405063293,3.95,7.8332674050632916,3.258267405063292,4.05,6.240927469135802,2.225927469135802,3.980302469135802,0.5099999999999998,0.6100000000000001,2.132543616922231,54,2.6317358579999994,21227.1,2.2861044139999995,18439.3,0.059964056,2.05019527,16536.5,2.05019527,16536.5,1.656249514,1.656249514,2.257052621,0.65,51.0,0.95,15.45,7.46
1173,-2.76,-6.73,0.2599999999999998,0.7999999999999998,2.11995387819877,2.251970773,3.9700000000000006,-10804.249154796107,5.34602,5.951348291000001,20.25788112828038,2.9800000000000004,5.989790486935695,7.870659506915215,13.86044999385091,26.847691638089216,15.245467464894777,11.602224173194443,-1.99,-6.04,0.1899999999999999,0.2599999999999998,2.2861659392977582,0.548377181,4.05,-15717.647341304437,1.22344,13.040835350999998,48.55193625232204,3.28,5.671290931989924,3.9700000000000006,8.291915931989925,3.546915931989924,4.05,6.240927469135802,2.225927469135802,3.980302469135802,0.6900000000000004,0.7699999999999998,2.1324280792739563,54,2.6317358579999994,21227.1,2.2861044139999995,18439.3,0.059964056,2.119896826,17098.7,2.119896826,17098.7,2.251970773,2.251970773,2.257052621,0.65,75.0,0.78,22.92,13.32
1192,-2.73,-6.65,0.33,0.8599999999999994,2.1265125967070024,3.016952744,3.92,-6533.384605850111,3.52486,6.189672106000001,14.04154281199723,3.11,5.517483362398773,7.823512322242733,13.340995684641506,26.9688227765028,15.815230159413684,11.15359261708912,-1.96,-6.14,0.1299999999999999,0.1100000000000003,2.331395060503868,0.283931444,4.18,-17879.61802018557,2.20141,12.985482327,50.14623799112652,3.41,5.61125,3.92,8.201250000000002,3.5112499999999995,4.18,6.2102930622009564,2.160293062200957,3.924043062200957,0.5100000000000007,0.77,1.9556833236340967,54,2.5710724439999995,20737.8,2.3313323179999994,18804.1,0.283931444,2.126455368,17151.6,2.126455368,17151.6,3.016952744,3.016952744,1.818247616,0.65,75.7,0.885,22.89,15.4
1214,-2.71,-6.66,0.33,0.8599999999999994,2.166410434437612,3.014683103,3.95,-5092.073947606435,4.26922,6.168210174,13.303950767598268,3.13,5.517483362398773,7.322658015526723,12.840141377925494,26.123267633389418,14.89794773258912,11.225319900800304,-1.96,-6.14,0.1299999999999999,0.1100000000000003,2.331395060503868,0.283931444,4.18,-17879.61802018557,2.20141,12.985482327,50.14623799112652,3.43,5.556765822784811,3.95,8.146140822784812,3.461140822784809,4.18,6.2102930622009564,2.160293062200957,3.924043062200957,0.5200000000000005,0.75,1.9506145368746093,54,2.5710724439999995,20737.8,2.3313323179999994,18804.1,0.283931444,2.166352132,17473.4,2.166352132,17473.4,3.014683103,3.014683103,1.818247616,0.65,74.2,0.901,22.35,14.9
1236,-2.53,-6.46,0.2999999999999998,0.8899999999999997,2.092789129141043,2.153548624,3.93,-4695.50792870129,1.9045,5.531892343999999,17.86903866466517,3.31,5.517483362398773,8.22798954360428,13.745472906003052,29.57338495726557,17.70251950306461,11.87086545420096,-1.96,-6.14,0.1299999999999999,0.1100000000000003,2.331395060503868,0.283931444,4.18,-17879.61802018557,2.20141,12.985482327,50.14623799112652,3.61,5.1412277353689575,3.93,7.634352735368957,3.139352735368957,4.18,6.2102930622009564,2.160293062200957,3.924043062200957,0.3200000000000003,0.5699999999999998,2.2002829010489173,54,2.5710724439999995,20737.8,2.3313323179999994,18804.1,0.283931444,2.092732808,16879.6,2.092732808,16879.6,2.153548624,2.153548624,1.818247616,0.65,71.11,1.003,18.51,13.2
1260,-2.81,-6.65,0.31,0.8699999999999992,2.059078059908748,2.470116018,3.84,-4550.327040509144,5.50185,6.534387429000001,21.09303516414601,2.74,6.967194681231387,8.68524094089056,15.652435622121947,27.876987842999185,15.468414115726087,12.4085737272731,-1.83,-5.85,0.1600000000000001,0.29,2.1962656219004164,0.241128707,4.02,-15122.809191764589,2.34005,12.751957815,44.74731995091807,3.04,5.826276041666668,3.84,8.431276041666667,3.701276041666666,4.02,5.839309701492535,1.9993097014925372,3.668059701492538,0.8000000000000007,0.98,0.9331174796445032,59,2.625226908,21174.6,2.196206516,17714.2,0.241128707,2.059022646,16607.7,2.059022646,16607.7,2.470116018,2.470116018,2.659886367,0.65,57.4,0.74,22.7,9.9
1261,-2.81,-6.65,0.31,0.8699999999999992,2.059078059908748,2.470116018,3.84,-4550.327040509144,5.50185,6.534387429000001,21.09303516414601,2.93,5.989790486935695,8.68524094089056,14.675031427826257,27.948597354295103,16.541041371926074,11.407555982369033,-1.99,-6.04,0.1899999999999999,0.2599999999999998,2.2861659392977582,0.548377181,4.05,-15717.647341304437,1.22344,13.040835350999998,48.55193625232204,3.23,5.826276041666668,3.84,8.431276041666667,3.701276041666666,4.05,6.240927469135802,2.225927469135802,3.980302469135802,0.6100000000000003,0.8200000000000001,0.9331174796445032,59,2.6317358579999994,21227.1,2.2861044139999995,18439.3,0.059964056,2.059022646,16607.7,2.059022646,16607.7,2.470116018,2.470116018,2.257052621,0.65,68.5,0.83,25.2,14.8
1282,-2.65,-6.4,0.2599999999999998,0.8399999999999999,1.8851790319381077,1.089462461,3.75,-4860.416821146415,3.3325,5.790596854,21.79983075704889,2.9,6.967194681231387,11.277390258798649,18.244584940030038,34.391042611956614,21.25788063783545,13.133161974121164,-1.83,-5.85,0.1600000000000001,0.29,2.1962656219004164,0.241128707,4.02,-15122.809191764589,2.34005,12.751957815,44.74731995091807,3.2,5.460166666666667,3.75,7.957041666666667,3.432041666666666,4.02,5.839309701492535,1.9993097014925372,3.668059701492538,0.5500000000000007,0.8199999999999998,1.3057377347709926,59,2.625226908,21174.6,2.196206516,17714.2,0.241128707,1.885128298,15205.1,1.885128298,15205.1,1.089462461,1.089462461,2.659886367,0.65,69.5,0.88,21.4,13.4
1283,-2.65,-6.4,0.2599999999999998,0.8399999999999999,1.8851790319381077,1.089462461,3.75,-4860.416821146415,3.3325,5.790596854,21.79983075704889,3.0900000000000003,5.989790486935695,11.277390258798649,17.267180745734343,34.681132527807435,22.650638334797083,12.030494193010345,-1.99,-6.04,0.1899999999999999,0.2599999999999998,2.2861659392977582,0.548377181,4.05,-15717.647341304437,1.22344,13.040835350999998,48.55193625232204,3.39,5.460166666666667,3.75,7.957041666666667,3.432041666666666,4.05,6.240927469135802,2.225927469135802,3.980302469135802,0.3600000000000003,0.6599999999999999,1.3057377347709926,59,2.6317358579999994,21227.1,2.2861044139999995,18439.3,0.059964056,1.885128298,15205.1,1.885128298,15205.1,1.089462461,1.089462461,2.257052621,0.65,55.5,0.92,12.9,7.1
1305,-2.75,-6.62,0.29,0.8499999999999996,2.062041261654433,2.332874763,3.87,-4707.367906795349,6.12202,6.684495942,22.283521792852223,2.99,5.989790486935695,8.639401943084223,14.629192430019918,28.431835487743715,16.79067767638419,11.641157811359523,-1.99,-6.04,0.1899999999999999,0.2599999999999998,2.2861659392977582,0.548377181,4.05,-15717.647341304437,1.22344,13.040835350999998,48.55193625232204,3.29,5.6716343669250655,3.87,8.256009366925063,3.571009366925065,4.05,6.240927469135802,2.225927469135802,3.980302469135802,0.5800000000000001,0.76,0.6570262761550253,59,2.6317358579999994,21227.1,2.2861044139999995,18439.3,0.059964056,2.061985768,16631.6,2.061985768,16631.6,2.332874763,2.332874763,2.257052621,0.65,74.33,0.833,26.74,16.54
1326,-2.58,-6.51,0.27,0.8300000000000001,2.107691926205118,2.295306949,3.93,-4744.658150235578,4.86804,6.278344996,19.65731338659388,2.97,6.967194681231387,8.053066198943673,15.02026088017506,28.99661362917795,15.54644429706076,13.450169332117191,-1.83,-5.85,0.1600000000000001,0.29,2.1962656219004164,0.241128707,4.02,-15122.809191764589,2.34005,12.751957815,44.74731995091807,3.27,5.256240458015268,3.93,7.774365458015267,3.2293654580152675,4.02,5.839309701492535,1.9993097014925372,3.668059701492538,0.6600000000000001,0.75,1.0797693431550457,59,2.625226908,21174.6,2.196206516,17714.2,0.241128707,2.107635204,16999.8,2.107635204,16999.8,2.295306949,2.295306949,2.659886367,0.65,71.48,0.798,26.15,14.92
1327,-2.58,-6.51,0.27,0.8300000000000001,2.107691926205118,2.295306949,3.93,-4744.658150235578,4.86804,6.278344996,19.65731338659388,3.16,5.989790486935695,8.053066198943673,14.042856685879368,28.844027632796227,16.540997972630304,12.303029660165915,-1.99,-6.04,0.1899999999999999,0.2599999999999998,2.2861659392977582,0.548377181,4.05,-15717.647341304437,1.22344,13.040835350999998,48.55193625232204,3.46,5.256240458015268,3.93,7.774365458015267,3.2293654580152675,4.05,6.240927469135802,2.225927469135802,3.980302469135802,0.4699999999999997,0.5900000000000001,1.0797693431550457,59,2.6317358579999994,21227.1,2.2861044139999995,18439.3,0.059964056,2.107635204,16999.8,2.107635204,16999.8,2.295306949,2.295306949,2.257052621,0.65,58.24,0.866,16.83,8.49
1338,-2.58,-6.51,0.27,0.8300000000000001,2.107691926205118,2.295306949,3.93,-4744.658150235578,4.86804,6.278344996,19.65731338659388,3.0700000000000003,7.277138842750522,8.053066198943673,15.330205041694196,30.59142416070077,16.069893599992103,14.521530560708667,-2.05,-5.95,0.4199999999999999,0.3099999999999996,2.168530549494148,2.691697691,3.9,-11533.103933002296,13.02707,8.566758652999999,24.18064733284576,3.37,5.256240458015268,3.93,7.774365458015267,3.2293654580152675,3.9,6.346314102564103,2.346314102564102,4.102564102564102,0.5599999999999996,0.5300000000000002,1.0797693431550457,59,2.16847219,17490.5,2.16847219,17490.5,2.691697691,2.107635204,16999.8,2.107635204,16999.8,2.295306949,2.295306949,2.691697691,0.65,62.24,0.788,21.28,10.44
1349,-2.77,-6.6,0.29,0.8800000000000008,2.0334383058916883,2.429034191,3.83,-6148.683316168564,5.94544,6.643793650000001,22.12594657490637,2.97,5.989790486935695,9.01539668385852,15.005187170794215,28.967513833218234,17.404223298188878,11.56329053502936,-1.99,-6.04,0.1899999999999999,0.2599999999999998,2.2861659392977582,0.548377181,4.05,-15717.647341304437,1.22344,13.040835350999998,48.55193625232204,3.27,5.730868146214099,3.83,8.312743146214098,3.6277431462141,4.05,6.240927469135802,2.225927469135802,3.980302469135802,0.5599999999999996,0.78,0.8806423905013088,59,2.6317358579999994,21227.1,2.2861044139999995,18439.3,0.059964056,2.033383582,16400.9,2.033383582,16400.9,2.429034191,2.429034191,2.257052621,0.65,68.49,0.87,23.79,14.13
1392,-2.68,-6.5,0.31,0.8600000000000003,2.0226269589367187,2.432335371,3.82,-4795.247449887895,5.40993,6.066012839000001,18.191375465363496,2.87,6.967194681231387,9.203070504345703,16.170265185577094,30.165629703694066,17.168328025856912,12.997301677837152,-1.83,-5.85,0.1600000000000001,0.29,2.1962656219004164,0.241128707,4.02,-15122.809191764589,2.34005,12.751957815,44.74731995091807,3.1699999999999995,5.5152094240837695,3.82,8.04895942408377,3.45895942408377,4.02,5.839309701492535,1.9993097014925372,3.668059701492538,0.6500000000000004,0.8500000000000001,0.6086377140585907,57,2.625226908,21174.6,2.196206516,17714.2,0.241128707,2.022572526,16313.7,2.022572526,16313.7,2.432335371,2.432335371,2.659886367,0.65,69.4,0.82,23.56,13.4
1414,-2.56,-6.52,0.2200000000000002,0.9600000000000009,2.083663955564372,1.574573796,3.96,-4575.073884205068,2.95668,5.97587582,21.104776586561098,2.99,6.967194681231387,8.363417844445753,15.33061252567714,29.79504544365352,16.25430258068032,13.5407428629732,-1.83,-5.85,0.1600000000000001,0.29,2.1962656219004164,0.241128707,4.02,-15122.809191764589,2.34005,12.751957815,44.74731995091807,3.29,5.204949494949496,3.96,7.722449494949494,3.1824494949494957,4.02,5.839309701492535,1.9993097014925372,3.668059701492538,0.6699999999999999,0.73,1.0529469718546476,59,2.625226908,21174.6,2.196206516,17714.2,0.241128707,2.08360788,16806.0,2.08360788,16806.0,1.574573796,1.574573796,2.659886367,0.65,70.2,0.88,22.8,14.1
1431,-2.79,-6.74,0.2800000000000002,0.9500000000000002,2.1008852410236063,2.301944449,3.95,-4971.629833699295,1.43994,6.3199884520000005,20.19923640943515,2.8200000000000003,4.771945250541704,8.138091865385189,12.910037115926892,23.664098033494,14.917122389251052,8.746975644242944,-1.76,-5.91,0.32,0.2199999999999997,2.415988891093037,3.435330346,4.15,-15406.502742895587,4.04634,10.76941207,26.194578388471605,3.12,5.748158227848102,3.95,8.3775332278481,3.6125332278481017,4.15,5.720784638554218,1.8857846385542167,3.5439096385542164,0.8300000000000001,1.03,1.204501241098911,59,2.415923872,19486.4,2.415923872,19486.4,3.435330346,2.100828702,16944.9,2.100828702,16944.9,2.301944449,2.301944449,3.435330346,0.65,53.6,0.87,20.54,9.6
1434,-2.79,-6.74,0.2800000000000002,0.9500000000000002,2.1008852410236063,2.301944449,3.95,-4971.629833699295,1.43994,6.3199884520000005,20.19923640943515,3.05,5.517483362398773,8.138091865385189,13.65557522778396,27.0721778890817,16.133767123126134,10.938410765955568,-1.96,-6.14,0.1299999999999999,0.1100000000000003,2.331395060503868,0.283931444,4.18,-17879.61802018557,2.20141,12.985482327,50.14623799112652,3.35,5.748158227848102,3.95,8.3775332278481,3.6125332278481017,4.18,6.2102930622009564,2.160293062200957,3.924043062200957,0.6000000000000005,0.8300000000000001,1.204501241098911,59,2.5710724439999995,20737.8,2.3313323179999994,18804.1,0.283931444,2.100828702,16944.9,2.100828702,16944.9,2.301944449,2.301944449,1.818247616,0.65,73.3,0.882,25.605,17.037
1437,-2.79,-6.74,0.2800000000000002,0.9500000000000002,2.1008852410236063,2.301944449,3.95,-4971.629833699295,1.43994,6.3199884520000005,20.19923640943515,2.95,5.989790486935695,8.138091865385189,14.127882352320883,27.090214410575296,15.604791151876102,11.485423258699194,-1.99,-6.04,0.1899999999999999,0.2599999999999998,2.2861659392977582,0.548377181,4.05,-15717.647341304437,1.22344,13.040835350999998,48.55193625232204,3.25,5.748158227848102,3.95,8.3775332278481,3.6125332278481017,4.05,6.240927469135802,2.225927469135802,3.980302469135802,0.7000000000000002,0.8,1.204501241098911,59,2.6317358579999994,21227.1,2.2861044139999995,18439.3,0.059964056,2.100828702,16944.9,2.100828702,16944.9,2.301944449,2.301944449,2.257052621,0.65,74.8,0.83,25.3,15.7
1455,-2.28,-6.53,0.3899999999999999,0.9500000000000002,2.3628248363419955,2.114920301,4.25,-6116.268927633009,1.18893,4.780278716999999,20.806296978742832,2.97,2.703295592027475,5.21873049233076,7.922026084358235,15.293471355853574,10.074759215444534,5.218712140409041,-0.97,-5.55,0.76,0.79,2.686260166633604,2.364060892,4.58,-3859.844937179237,0.15653,2.785353023,12.01610690118826,3.27,4.565652941176471,4.25,7.033777941176472,2.628777941176471,4.58,4.2366866812227055,0.9766866812227076,2.320436681222707,0.9800000000000004,1.3099999999999998,0.7037200980773448,51,2.686187874,21666.3,2.686187874,21666.3,2.364060892,2.3627612479999995,19057.6,2.3627612479999995,19057.6,2.114920301,2.114920301,2.364060892,0.65,65.0,0.88,16.49,9.46
1480,-2.24,-6.43,0.1600000000000001,1.0,2.5198497321959925,0.336258107,4.19,-5984.640401130921,5.959,5.55641309,9.351106635776883,3.31,6.967194681231387,3.90926261697508,10.876457298206468,23.40069787709121,8.410778520421884,14.98991935666933,-1.83,-5.85,0.1600000000000001,0.29,2.1962656219004164,0.241128707,4.02,-15122.809191764589,2.34005,12.751957815,44.74731995091807,3.61,4.485017899761337,4.19,6.914392899761338,2.579392899761337,4.02,5.839309701492535,1.9993097014925372,3.668059701492538,0.5800000000000001,0.4100000000000001,2.264306609832317,58,2.625226908,21174.6,2.196206516,17714.2,0.241128707,3.418215386,27570.7,2.519781918,20324.1,0.008350209,1.0479768,2.659886367,0.65,59.5,1.09,11.1,7.23
1502,-2.41,-6.51,0.2200000000000002,1.0300000000000002,2.373698174965285,0.788697071,4.1,-5984.633504881368,6.07572,5.147612522999999,8.083102646199732,3.14,6.967194681231387,5.133045086172141,12.100239767403528,24.6965893652706,10.47654502087734,14.22004434439326,-1.83,-5.85,0.1600000000000001,0.29,2.1962656219004164,0.241128707,4.02,-15122.809191764589,2.34005,12.751957815,44.74731995091807,3.4399999999999995,4.851609756097561,4.1,7.337859756097563,2.8778597560975614,4.02,5.839309701492535,1.9993097014925372,3.668059701492538,0.6600000000000001,0.5800000000000001,2.342051592271298,58,2.625226908,21174.6,2.196206516,17714.2,0.241128707,3.558560746,28702.7,2.3736342939999995,19145.3,0.007737063,1.251365624,2.659886367,0.65,63.0,0.96,15.46,9.35
1536,-2.68,-6.45,0.1,0.7999999999999998,2.0281814124181707,2.420328928,3.77,-5055.684838535482,7.78513,6.0543999,17.88278965005399,2.97,7.277138842750522,9.109474350185367,16.38661319293589,31.63435676896274,17.585840233032854,14.048516535929885,-2.05,-5.95,0.4199999999999999,0.3099999999999996,2.168530549494148,2.691697691,3.9,-11533.103933002296,13.02707,8.566758652999999,24.18064733284576,3.27,5.527645888594165,3.77,8.045770888594165,3.480770888594165,3.9,6.346314102564103,2.346314102564102,4.102564102564102,0.5,0.6300000000000003,1.2671510308331333,59,2.16847219,17490.5,2.16847219,17490.5,2.691697691,2.02812683,16358.5,2.02812683,16358.5,2.420328928,2.420328928,2.691697691,0.65,67.0,0.74,26.3,13.1
1558,-2.74,-6.33,0.1900000000000004,0.7000000000000002,1.8497445943265225,2.741436767,3.59,-5052.307034925621,5.80305,5.943080505,17.158247971660483,2.91,7.277138842750522,11.914006468948411,19.19114531169893,36.30005135707853,22.53534323601592,13.764708121062611,-2.05,-5.95,0.4199999999999999,0.3099999999999996,2.168530549494148,2.691697691,3.9,-11533.103933002296,13.02707,8.566758652999999,24.18064733284576,3.21,5.728753481894152,3.59,8.220628481894154,3.685628481894151,3.9,6.346314102564103,2.346314102564102,4.102564102564102,0.3799999999999999,0.6900000000000004,0.8572079142331833,60,2.16847219,17490.5,2.16847219,17490.5,2.691697691,1.849694814,14919.3,1.849694814,14919.3,2.741436767,2.741436767,2.691697691,0.65,63.0,0.68,21.8,9.3
1580,-2.65,-6.4,0.1200000000000001,0.7599999999999998,2.0097574885935328,2.36415103,3.75,-5743.136224784997,9.29737,6.184525836000001,18.5795583402901,3.0000000000000004,7.277138842750522,9.34233573304582,16.619474575796342,32.40797542280288,18.217554679439356,14.19042074336352,-2.05,-5.95,0.4199999999999999,0.3099999999999996,2.168530549494148,2.691697691,3.9,-11533.103933002296,13.02707,8.566758652999999,24.18064733284576,3.3000000000000003,5.460166666666667,3.75,7.957041666666667,3.432041666666666,3.9,6.346314102564103,2.346314102564102,4.102564102564102,0.4500000000000002,0.6000000000000001,1.856836077055845,59,2.16847219,17490.5,2.16847219,17490.5,2.691697691,2.009703402,16209.9,2.009703402,16209.9,2.36415103,2.36415103,2.691697691,0.65,62.0,0.78,22.3,10.8
1602,-2.64,-6.38,0.1200000000000001,0.7000000000000002,2.001103451696092,2.342779326,3.74,-5818.26305715523,8.53309,6.188348416,20.095607794586545,3.01,7.277138842750522,9.4844609173248,16.76159976007532,32.79406993058737,18.556347784745974,14.237722145841396,-2.05,-5.95,0.4199999999999999,0.3099999999999996,2.168530549494148,2.691697691,3.9,-11533.103933002296,13.02707,8.566758652999999,24.18064733284576,3.31,5.438529411764706,3.74,7.927279411764707,3.417279411764706,3.9,6.346314102564103,2.346314102564102,4.102564102564102,0.4299999999999997,0.5900000000000003,1.977094429997912,60,2.16847219,17490.5,2.16847219,17490.5,2.691697691,2.001049598,16140.1,2.001049598,16140.1,2.342779326,2.342779326,2.691697691,0.65,67.0,0.7,23.0,10.8
